"ID_Avaliacao","Titulo_Filme","Genero_Filme","Ano_Lancamento","Nota_Avaliacao","Duracao_Minutos","Idioma_Original","Pais_Origem","Plataforma_Streaming","Data_Avaliacao","Usuario_Premium"
200001,"Ficção Científica 2077","terror",1993,4,167,"es","brasil","netflix",2024-02-01,"false"
200002,"Comédia Romântica","comedia",2002,4,107,"es","índia","hbo max",2024-05-27,"false"
200003,"O Último Voo","terror",2003,4,122,"in","frança","outro",2024-04-22,"true"
200004,"Ficção Científica 2077","comédia",2001,5,160,"de","frança","netflix",2023-06-19,"false"
200005,"Drama da Vida Real","comédia",1997,1,142,"fr","espanha","hbo max",2024-02-07,"true"
200006,"aventura na floresta","comédia",2017,5,122,"es","índia","hbo max",2023-08-08,"false"
200007,"Drama da Vida Real","terror",2001,4,149,"es","índia","desconhecido",2023-12-18,"true"
200008,"O Último Voo","terror",2003,5,104,"pt","coreia do sul","hbo max",2024-02-28,"false"
200009,"Terror na Noite","drama",2009,2,111,"de","espanha","desconhecido",2023-11-06,"false"
200010,"Aventura na Floresta","drama",2004,4,80,"es","brasil","outro",2024-02-25,"false"
200011,"O Último Voo","documentário",2017,3,118,"es","brasil","netflix",2023-11-05,"sim"
200012,"O Último Voo","documentário",2006,5,162,"es","frança","netflix",2024-03-24,"true"
200013,"Terror na Noite","terror",2016,4,166,"en","brasil","outro",2024-02-23,"true"
200014,"Drama da Vida Real","documentário",2016,5,154,"es","brasil","netflix",2023-09-13,"true"
200015,"O Último Voo","terror",2005,4,174,"en","eua","netflix",2024-04-06,"false"
200016,"Drama da Vida Real","ação",1997,5,102,"fr","frança","outro",2023-11-19,"true"
200017,"O Último Voo","documentário",2015,3,81,"de","frança","outro",2024-06-04,"false"
200018,"Ficção Científica 2077","ficção científica",2018,1,83,"de","brasil","outro",2023-11-03,"true"
200019,"Terror na Noite","ação",2007,4,144,"en","brasil","outro",2023-12-01,"sim"
200020,"O Último Voo","comédia",2014,2,166,"fr","brasil","outro",2023-11-01,"true"
200021,"Drama da Vida Real","ficção científica",2016,3,177,"es","frança","netflix",2023-11-05,"desconhecido"
200022,"Ação Explosiva","ficção científica",2018,5,169,"pt","frança","outro",2023-12-03,"false"
200023,"Mistério da Mansão","comédia",2009,3,142,"en","japão","outro",2024-04-25,"desconhecido"
200024,"Ficção Científica 2077","ação",2012,5,76,"de","japão","netflix",2023-09-08,"false"
200025,"Mistério da Mansão","comédia",2019,4,142,"pt","frança","desconhecido",2023-10-15,"false"
200026,"Drama da Vida Real","ação",2002,5,80,"en","índia","amazon prime",2024-03-10,"false"
200027,"Documentário da Natureza","drama",1998,4,136,"es","frança","netflix",2023-09-21,"sim"
200028,"Ação Explosiva","documentário",2008,5,118,"es","índia","hbo max",2023-12-10,"false"
200029,"Ação Explosiva","terror",2003,5,79,"pt","coreia do sul","hbo max",2024-01-22,"false"
200030,"Mistério da Mansão","ação",2013,4,76,"en","índia","netflix",2024-04-15,"false"
200031,"Aventura na Floresta","ação",2023,5,148,"de","japão","hbo max",2023-09-16,"true"
200032,"Terror na Noite","ação",2021,3,142,"es","frança","outro",2023-12-01,"false"
200033,"Mistério da Mansão","terror",1990,4,156,"pt","índia","netflix",2024-02-19,"false"
200034,"Drama da Vida Real","drama",2010,4,125,"en","frança","netflix",2024-06-14,"false"
200035,"Terror na Noite","drama",1994,3,118,"fr","japão","desconhecido",2023-08-29,"true"
200036,"O Último Voo","documentário",2015,4,123,"de","índia","hbo max",2024-05-06,"false"
200037,"O Último Voo","ação",2018,5,99,"pt","brasil","netflix",2024-06-04,"false"
200038,"Drama da Vida Real","drama",2021,4,138,"fr","brasil","amazon prime",2024-01-02,"false"
200039,"Comédia Romântica","comédia",2011,3,111,"es","espanha","netflix",2023-07-13,"true"
200040,"Ação Explosiva","ação",2020,2,87,"pt","frança","amazon prime",2024-03-30,"true"
200041,"Mistério da Mansão","ficção científica",2018,5,99,"pt","brasil","amazon prime",2024-02-20,"false"
200042,"Aventura na Floresta","acao",2007,4,102,"es","índia","netflix",2024-06-10,"true"
200043,"Ação Explosiva","ação",2001,4,222,"en","coreia do sul","netflix",2024-01-17,"false"
200044,"Comédia Romântica","drama",2018,5,85,"de","coreia do sul","hbo max",2023-07-16,"true"
200045,"Terror na Noite","drama",2003,4,171,"es","índia","hbo max",2023-09-16,"false"
200046,"Terror na Noite","ficção científica",2021,5,108,"fr","coreia do sul","outro",2024-01-11,"false"
200047,"Terror na Noite","terror",2014,4,98,"fr","eua","netflix",2024-01-10,"true"
200048,"O Último Voo","comédia",2015,3,82,"en","brasil","netflix",2023-09-25,"false"
200049,"Drama da Vida Real","terror",2011,3,106,"in","brasil","netflix",2023-09-30,"false"
200050,"Comédia Romântica","terror",2012,5,123,"de","frança","hbo max",2023-09-07,"true"
200051,"O Último Voo","acao",2014,5,134,"es","espanha","amazon prime",2023-07-29,"true"
200052,"Mistério da Mansão","comédia",2021,2,108,"fr","frança","outro",2023-11-25,"false"
200053,"Mistério da Mansão","documentário",2000,4,167,"pt","eua","netflix",2024-04-06,"true"
200054,"Drama da Vida Real","drama",1994,4,129,"es","brasil","netflix",2023-07-22,"false"
200055,"Aventura na Floresta","ação",2011,3,166,"es","japão","netflix",2024-01-25,"false"
200056,"Terror na Noite","ação",2003,5,120,"en","frança","netflix",2024-03-30,"false"
200057,"Aventura na Floresta","documentário",1994,5,116,"en","brasil","amazon prime",2024-02-22,"true"
200058,"Terror na Noite","drama",2012,4,139,"es","brasil","hbo max",2024-04-16,"false"
200059,"Drama da Vida Real","documentário",2017,3,134,"pt","índia","desconhecido",2024-05-10,"false"
200060,"Mistério da Mansão","comédia",2012,3,89,"in","eua","desconhecido",2024-06-14,"true"
200061,"Mistério da Mansão","ficção científica",2004,4,127,"de","brasil","amazon prime",2024-05-05,"false"
200062,"Comédia Romântica","comedia",2004,3,161,"de","japão","amazon prime",2023-06-07,"true"
200063,"Ação Explosiva","terror",2016,3,71,"pt","japão","netflix",2024-01-29,"true"
200064,"Comédia Romântica","comédia",2008,5,114,"pt","coreia do sul","desconhecido",2023-11-18,"false"
200065,"Ação Explosiva","ficção científica",1995,5,73,"en","coreia do sul","hbo max",2023-07-10,"true"
200066,"Ficção Científica 2077","documentário",2000,2,179,"fr","coreia do sul","netflix",2024-02-23,"false"
200067,"Aventura na Floresta","comédia",2010,3,88,"in","frança","amazon prime",2023-06-22,"true"
200068,"Terror na Noite","ficção científica",2018,4,172,"pt","coreia do sul","hbo max",2023-10-26,"false"
200069,"Comédia Romântica","comédia",1997,2,106,"pt","índia","outro",2023-11-07,"false"
200070,"O Último Voo","ação",1992,4,133,"es","eua","netflix",2023-07-22,"false"
200071,"Drama da Vida Real","ficção científica",2016,4,78,"fr","japão","netflix",2024-06-15,"false"
200072,"Comédia Romântica","terror",2002,3,137,"es","índia","hbo max",2023-12-08,"true"
200073,"Ficção Científica 2077","comédia",2014,5,134,"es","japão","hbo max",2024-03-01,"true"
200074,"Terror na Noite","terror",2006,4,165,"pt","frança","hbo max",2023-08-09,"false"
200075,"Aventura na Floresta","comédia",2018,3,170,"pt","coreia do sul","hbo max",2023-09-10,"true"
200076,"Ação Explosiva","ação",2018,4,158,"de","eua","hbo max",2024-02-05,"false"
200077,"Comédia Romântica","drama",2010,5,70,"de","brasil","amazon prime",2024-06-27,"true"
200078,"Drama da Vida Real","ação",1990,4,138,"en","frança","desconhecido",2023-08-03,"true"
200079,"Comédia Romântica","terror",2018,5,99,"es","frança","desconhecido",2023-11-09,"desconhecido"
200080,"Comédia Romântica","ação",2013,5,96,"de","coreia do sul","amazon prime",2023-08-19,"true"
200081,"Mistério da Mansão","terror",2017,3,98,"de","brasil","amazon prime",2024-04-28,"false"
200082,"Terror na Noite","drama",1996,4,101,"en","brasil","hbo max",2024-05-03,"false"
200083,"Terror na Noite","documentário",2023,4,112,"de","eua","netflix",2024-03-09,"true"
200084,"Documentário da Natureza","terror",2002,5,118,"de","índia","netflix",2023-06-11,"true"
200085,"Terror na Noite","documentário",2004,4,157,"fr","índia","amazon prime",2023-12-19,"true"
200086,"Mistério da Mansão","terror",2010,1,72,"pt","coreia do sul","amazon prime",2024-05-06,"true"
200087,"Comédia Romântica","comédia",1995,5,83,"en","eua","desconhecido",2023-07-25,"false"
200088,"Comédia Romântica","documentário",2007,2,137,"de","índia","amazon prime",2024-02-01,"true"
200089,"Documentário da Natureza","ficção científica",2012,4,168,"in","frança","amazon prime",2024-02-26,"sim"
200090,"Documentário da Natureza","comédia",2008,5,154,"pt","espanha","amazon prime",2023-09-11,"false"
200091,"Mistério da Mansão","ação",2013,4,149,"es","coreia do sul","hbo max",2024-05-29,"true"
200092,"Comédia Romântica","ficção científica",2021,4,85,"fr","frança","amazon prime",2023-08-22,"false"
200093,"Documentário da Natureza","ficção científica",1992,2,129,"fr","japão","amazon prime",2024-02-11,"false"
200094,"Documentário da Natureza","drama",2004,4,143,"es","índia","netflix",2023-06-23,"false"
200095,"Terror na Noite","ação",2010,5,89,"es","índia","amazon prime",2024-05-20,"desconhecido"
200096,"Ação Explosiva","ficção científica",1999,2,177,"pt","índia","outro",2024-02-24,"false"
200097,"Drama da Vida Real","ficção científica",2015,5,160,"es","frança","netflix",2024-03-30,"true"
200098,"Terror na Noite","comédia",2013,3,86,"en","frança","hbo max",2024-06-21,"false"
200099,"O Último Voo","ação",2014,3,80,"pt","espanha","amazon prime",2024-05-26,"sim"
200100,"Drama da Vida Real","ficção científica",2002,2,114,"en","eua","netflix",2024-03-28,"false"
200101,"O Último Voo","comédia",2016,5,123,"pt","eua","hbo max",2023-12-21,"false"
200102,"Ficção Científica 2077","ficção científica",2001,5,163,"de","índia","outro",2023-12-26,"false"
200103,"Mistério da Mansão","drama",2023,4,70,"es","coreia do sul","netflix",2023-06-13,"false"
200104,"Aventura na Floresta","ficção científica",1991,3,161,"en","eua","netflix",2024-05-08,"true"
200105,"Documentário da Natureza","documentário",2018,5,109,"pt","frança","outro",2024-02-20,"false"
200106,"Ação Explosiva","ficção científica",2000,2,79,"de","brasil","outro",2024-06-21,"true"
200107,"Comédia Romântica","drama",2008,5,148,"fr","coreia do sul","hbo max",2024-01-07,"false"
200108,"Documentário da Natureza","comédia",2007,1,138,"pt","japão","amazon prime",2023-06-01,"false"
200109,"Ficção Científica 2077","comédia",2012,2,157,"pt","índia","hbo max",2024-02-08,"true"
200110,"Ação Explosiva","comédia",2007,2,146,"pt","índia","netflix",2023-08-11,"false"
200111,"Ficção Científica 2077","ficção científica",2015,5,168,"en","índia","netflix",2023-10-24,"false"
200112,"Documentário da Natureza","comédia",1999,5,152,"fr","espanha","netflix",2023-08-31,"false"
200113,"O Último Voo","ação",2011,5,110,"fr","índia","outro",2023-12-26,"false"
200114,"O Último Voo","comédia",2013,5,170,"pt","brasil","hbo max",2024-06-17,"true"
200115,"Aventura na Floresta","drama",2015,4,119,"de","frança","hbo max",2024-01-11,"false"
200116,"Terror na Noite","comédia",1997,4,120,"en","eua","desconhecido",2023-10-18,"false"
200117,"Documentário da Natureza","terror",1994,2,168,"fr","japão","netflix",2023-07-16,"false"
200118,"O Último Voo","comédia",1997,5,136,"en","espanha","hbo max",2023-10-23,"false"
200119,"Ficção Científica 2077","terror",2001,2,134,"de","eua","amazon prime",2024-03-07,"false"
200120,"Comédia Romântica","terror",1993,4,88,"en","espanha","netflix",2023-09-05,"false"
200121,"Aventura na Floresta","ação",1995,4,120,"fr","japão","netflix",2023-09-20,"true"
200122,"Documentário da Natureza","comédia",2004,4,165,"en","índia","amazon prime",2023-06-21,"false"
200123,"Ficção Científica 2077","drama",2020,5,125,"de","espanha","amazon prime",2024-04-03,"false"
200124,"Drama da Vida Real","documentário",2010,3,103,"fr","índia","netflix",2023-08-10,"true"
200125,"Documentário da Natureza","ficção científica",1997,5,155,"en","japão","netflix",2023-08-03,"false"
200126,"Mistério da Mansão","ação",2010,5,97,"pt","brasil","desconhecido",2024-01-19,"false"
200127,"Aventura na Floresta","documentário",1992,5,72,"en","japão","outro",2024-04-23,"true"
200128,"Drama da Vida Real","drama",1990,5,144,"en","eua","outro",2023-08-15,"false"
200129,"Comédia Romântica","ficção científica",2017,5,152,"de","índia","desconhecido",2023-09-07,"true"
200130,"Ação Explosiva","ficção científica",1995,5,114,"es","índia","outro",2024-05-05,"sim"
200131,"Mistério da Mansão","documentário",1991,5,179,"es","espanha","hbo max",2023-07-01,"false"
200132,"O Último Voo","terror",2021,2,116,"fr","índia","outro",2023-06-17,"true"
200133,"Aventura na Floresta","documentário",1999,3,148,"en","espanha","outro",2024-02-10,"false"
200134,"Ação Explosiva","comédia",1998,5,131,"es","japão","amazon prime",2024-06-03,"false"
200135,"Terror na Noite","drama",2007,4,142,"de","coreia do sul","amazon prime",2023-07-31,"false"
200136,"O Último Voo","terror",2016,2,102,"en","espanha","outro",2024-03-25,"false"
200137,"Ação Explosiva","terror",2005,4,78,"pt","eua","amazon prime",2023-06-14,"true"
200138,"O Último Voo","comédia",2003,4,112,"fr","índia","hbo max",2024-05-26,"false"
200139,"Aventura na Floresta","drama",1999,4,82,"en","brasil","outro",2024-02-05,"false"
200140,"Aventura na Floresta","ficção científica",2011,3,104,"in","brasil","hbo max",2023-11-27,"true"
200141,"O Último Voo","drama",2001,4,90,"es","espanha","hbo max",2024-06-16,"true"
200142,"Mistério da Mansão","terror",2021,4,166,"de","espanha","outro",2023-10-20,"false"
200143,"O Último Voo","acao",2021,5,136,"es","coreia do sul","amazon prime",2023-07-28,"true"
200144,"Ação Explosiva","ficção científica",2004,4,83,"en","índia","netflix",2023-12-19,"true"
200145,"Documentário da Natureza","documentário",1996,1,80,"en","eua","netflix",2024-04-01,"false"
200146,"Mistério da Mansão","ficção científica",2022,2,108,"in","eua","desconhecido",2023-10-09,"false"
200147,"Documentário da Natureza","comédia",2022,5,154,"es","frança","amazon prime",2023-06-28,"true"
200148,"Ficção Científica 2077","drama",1995,5,166,"de","coreia do sul","hbo max",2024-06-17,"false"
200149,"Aventura na Floresta","drama",1990,2,113,"en","frança","amazon prime",2023-10-10,"false"
200150,"Mistério da Mansão","ação",1997,5,147,"en","coreia do sul","outro",2024-02-09,"true"
200151,"O Último Voo","comédia",2015,4,134,"es","frança","amazon prime",2024-01-13,"true"
200152,"Terror na Noite","drama",2014,3,124,"es","coreia do sul","amazon prime",2024-03-24,"false"
200153,"O Último Voo","documentário",2023,4,112,"es","eua","amazon prime",2023-08-21,"sim"
200154,"Terror na Noite","terror",2000,3,149,"fr","espanha","amazon prime",2023-12-01,"false"
200155,"Mistério da Mansão","comedia",2013,3,74,"pt","frança","outro",2023-10-22,"true"
200156,"Comédia Romântica","ação",2002,4,76,"en","brasil","amazon prime",2023-12-25,"false"
200157,"Aventura na Floresta","ficção científica",2015,5,125,"pt","espanha","netflix",2023-08-30,"true"
200158,"Aventura na Floresta","ficção científica",2016,4,120,"pt","coreia do sul","hbo max",2023-09-05,"false"
200159,"Documentário da Natureza","ficção científica",2023,4,127,"es","eua","amazon prime",2023-11-08,"true"
200160,"O Último Voo","terror",2010,4,114,"de","japão","hbo max",2023-08-02,"sim"
200161,"O Último Voo","drama",2005,4,142,"fr","japão","outro",2023-10-29,"true"
200162,"Documentário da Natureza","terror",2010,5,170,"de","índia","outro",2024-04-10,"false"
200163,"Mistério da Mansão","ação",1994,3,173,"de","eua","netflix",2024-02-10,"false"
200164,"Mistério da Mansão","comédia",2009,2,112,"de","índia","outro",2024-02-13,"false"
200165,"Comédia Romântica","drama",2016,3,113,"fr","índia","amazon prime",2023-11-16,"false"
200166,"Ficção Científica 2077","drama",2021,4,153,"es","índia","netflix",2023-08-10,"true"
200167,"O Último Voo","drama",1993,4,154,"fr","coreia do sul","hbo max",2024-06-08,"false"
200168,"O Último Voo","documentário",2004,4,158,"de","frança","netflix",2023-10-23,"true"
200169,"Ação Explosiva","documentário",2015,4,138,"pt","índia","outro",2024-02-15,"false"
200170,"Aventura na Floresta","comédia",2021,5,112,"es","eua","netflix",2023-07-23,"true"
200171,"Aventura na Floresta","drama",2002,4,74,"es","japão","hbo max",2023-07-11,"true"
200172,"Drama da Vida Real","ação",2014,5,90,"in","brasil","netflix",2023-11-08,"true"
200173,"Documentário da Natureza","ação",2008,4,122,"es","eua","outro",2023-10-09,"false"
200174,"Comédia Romântica","documentário",2006,2,127,"es","frança","amazon prime",2023-12-31,"desconhecido"
200175,"Ação Explosiva","documentário",2020,5,97,"pt","eua","netflix",2023-10-19,"false"
200176,"Ficção Científica 2077","comédia",2008,4,90,"fr","brasil","amazon prime",2023-08-11,"false"
200177,"Ação Explosiva","terror",2003,4,105,"en","frança","amazon prime",2024-01-09,"desconhecido"
200178,"Terror na Noite","ação",2008,5,179,"en","brasil","outro",2023-07-20,"false"
200179,"Drama da Vida Real","terror",1999,3,166,"pt","espanha","desconhecido",2023-12-12,"false"
200180,"Mistério da Mansão","ação",2011,5,121,"es","índia","hbo max",2023-07-27,"true"
200181,"Comédia Romântica","documentário",1993,4,168,"fr","índia","netflix",2023-07-25,"false"
200182,"Aventura na Floresta","documentário",2011,5,117,"fr","brasil","outro",2023-10-05,"true"
200183,"Comédia Romântica","ação",2006,5,150,"fr","espanha","hbo max",2023-08-29,"false"
200184,"Ação Explosiva","comedia",2012,5,71,"de","frança","outro",2024-04-02,"desconhecido"
200185,"aventura na floresta","ação",1990,4,126,"fr","brasil","hbo max",2023-07-16,"false"
200186,"Ficção Científica 2077","comédia",1997,5,104,"de","coreia do sul","netflix",2023-11-09,"false"
200187,"Documentário da Natureza","terror",2005,3,113,"en","espanha","outro",2023-10-04,"false"
200188,"Ficção Científica 2077","drama",2007,5,136,"pt","frança","netflix",2023-11-15,"false"
200189,"Comédia Romântica","terror",2012,3,121,"de","coreia do sul","amazon prime",2023-08-12,"false"
200190,"Ficção Científica 2077","ação",2012,5,103,"en","brasil","outro",2023-06-24,"false"
200191,"Ficção Científica 2077","ficção científica",2014,5,133,"en","espanha","desconhecido",2024-05-07,"false"
200192,"Ação Explosiva","ação",2015,4,143,"es","coreia do sul","netflix",2024-04-22,"false"
200193,"Drama da Vida Real","drama",1995,5,143,"es","japão","netflix",2023-11-19,"false"
200194,"O Último Voo","comedia",2003,5,123,"pt","eua","netflix",2023-06-18,"false"
200195,"Documentário da Natureza","comédia",1991,3,144,"en","índia","amazon prime",2023-12-24,"false"
200196,"Drama da Vida Real","drama",2002,4,116,"pt","coreia do sul","outro",2023-06-28,"true"
200197,"Comédia Romântica","terror",2010,3,133,"fr","índia","amazon prime",2024-02-16,"false"
200198,"Ação Explosiva","ação",2015,1,150,"en","coreia do sul","outro",2023-10-03,"false"
200199,"Ficção Científica 2077","ação",2000,5,107,"en","espanha","hbo max",2023-09-10,"sim"
200200,"Terror na Noite","terror",2009,5,165,"es","japão","netflix",2024-01-12,"true"
200201,"Documentário da Natureza","ação",2006,2,106,"fr","eua","hbo max",2024-05-29,"sim"
200202,"Drama da Vida Real","documentário",2020,5,160,"fr","coreia do sul","outro",2024-01-23,"false"
200203,"Aventura na Floresta","ação",2012,3,135,"fr","frança","outro",2024-03-30,"sim"
200204,"Mistério da Mansão","comedia",2005,3,70,"po","espanha","hbo max",2024-06-23,"true"
200205,"Documentário da Natureza","terror",2006,4,104,"de","eua","amazon prime",2024-06-02,"false"
200206,"Aventura na Floresta","documentário",1997,1,106,"es","índia","outro",2023-09-13,"false"
200207,"Comédia Romântica","documentário",2010,5,76,"en","coreia do sul","netflix",2024-05-17,"true"
200208,"aventura na floresta","terror",2005,4,74,"fr","coreia do sul","amazon prime",2023-12-16,"true"
200209,"Ficção Científica 2077","ação",2011,2,178,"en","índia","amazon prime",2023-08-02,"false"
200210,"O Último Voo","comédia",2010,4,153,"es","brasil","hbo max",2024-01-29,"true"
200211,"Mistério da Mansão","documentário",2005,4,71,"fr","índia","amazon prime",2024-05-29,"desconhecido"
200212,"Ficção Científica 2077","comédia",2021,4,140,"de","brasil","outro",2023-10-16,"false"
200213,"O Último Voo","terror",2015,5,77,"es","japão","netflix",2024-01-12,"true"
200214,"Ficção Científica 2077","comédia",2021,3,162,"de","eua","hbo max",2024-01-11,"false"
200215,"Drama da Vida Real","terror",1991,1,132,"pt","eua","hbo max",2024-01-22,"false"
200216,"Aventura na Floresta","ação",2021,4,120,"pt","espanha","hbo max",2024-01-17,"sim"
200217,"Ficção Científica 2077","drama",1999,4,77,"de","japão","hbo max",2024-02-11,"true"
200218,"Documentário da Natureza","comédia",1999,3,99,"es","espanha","netflix",2023-10-30,"false"
200219,"Aventura na Floresta","documentário",2012,2,104,"fr","brasil","amazon prime",2023-12-19,"false"
200220,"Aventura na Floresta","ficção científica",1995,5,128,"de","eua","amazon prime",2023-12-03,"false"
200221,"Terror na Noite","ação",1999,3,72,"in","japão","amazon prime",2024-05-14,"true"
200222,"Comédia Romântica","documentário",2006,4,145,"de","índia","amazon prime",2023-08-13,"desconhecido"
200223,"Terror na Noite","comédia",1997,5,137,"en","japão","amazon prime",2023-06-16,"true"
200224,"Aventura na Floresta","acao",2004,3,169,"fr","eua","netflix",2023-12-24,"false"
200225,"Comédia Romântica","terror",2012,5,78,"pt","japão","outro",2024-01-07,"false"
200226,"Documentário da Natureza","documentário",2006,4,142,"es","coreia do sul","hbo max",2023-10-21,"false"
200227,"O Último Voo","drama",2008,5,132,"es","brasil","netflix",2024-01-31,"desconhecido"
200228,"O Último Voo","ação",1995,5,109,"pt","eua","outro",2023-12-07,"false"
200229,"Aventura na Floresta","documentário",2015,2,171,"de","japão","netflix",2023-06-07,"false"
200230,"Drama da Vida Real","documentário",2008,5,108,"en","brasil","netflix",2024-06-25,"false"
200231,"Ação Explosiva","drama",2001,3,129,"fr","brasil","outro",2024-01-15,"false"
200232,"Documentário da Natureza","documentário",2002,3,170,"de","coreia do sul","netflix",2024-03-29,"false"
200233,"O Último Voo","ação",2012,1,136,"de","coreia do sul","netflix",2024-02-08,"true"
200234,"Mistério da Mansão","acao",2021,4,110,"en","frança","amazon prime",2023-06-08,"false"
200235,"Drama da Vida Real","terror",1994,4,118,"en","japão","outro",2023-08-04,"false"
200236,"Mistério da Mansão","ficção científica",2006,5,90,"es","eua","netflix",2023-08-20,"true"
200237,"Drama da Vida Real","drama",1997,5,92,"de","espanha","amazon prime",2024-06-07,"false"
200238,"Comédia Romântica","drama",2003,3,99,"pt","brasil","desconhecido",2023-11-20,"false"
200239,"O Último Voo","drama",2013,2,109,"de","coreia do sul","amazon prime",2024-02-12,"sim"
200240,"Documentário da Natureza","comedia",1994,2,118,"de","brasil","amazon prime",2024-05-31,"false"
200241,"Ação Explosiva","documentário",2009,5,108,"po","índia","netflix",2024-04-24,"false"
200242,"Ação Explosiva","ação",2020,5,93,"es","coreia do sul","outro",2024-04-20,"true"
200243,"aventura na floresta","documentário",2021,2,168,"en","espanha","desconhecido",2024-04-10,"false"
200244,"O Último Voo","drama",2016,4,79,"fr","japão","amazon prime",2023-11-08,"false"
200245,"Mistério da Mansão","drama",2004,5,173,"es","brasil","desconhecido",2024-01-20,"true"
200246,"Ficção Científica 2077","comédia",2005,4,131,"fr","brasil","amazon prime",2024-05-24,"false"
200247,"Drama da Vida Real","documentário",1998,4,80,"en","índia","hbo max",2024-02-24,"false"
200248,"Aventura na Floresta","drama",2019,2,94,"es","coreia do sul","desconhecido",2024-05-17,"true"
200249,"Drama da Vida Real","drama",2017,3,96,"en","espanha","netflix",2024-02-26,"true"
200250,"O Último Voo","drama",2009,2,126,"de","espanha","outro",2023-07-28,"false"
200251,"Mistério da Mansão","ação",2007,3,136,"es","japão","amazon prime",2024-03-14,"true"
200252,"Ficção Científica 2077","comédia",1995,3,161,"fr","coreia do sul","outro",2024-01-10,"true"
200253,"Comédia Romântica","acao",2007,3,82,"de","frança","hbo max",2023-12-16,"true"
200254,"Aventura na Floresta","terror",2009,4,121,"pt","eua","netflix",2023-09-12,"true"
200255,"Documentário da Natureza","ação",2015,4,141,"de","eua","netflix",2024-01-18,"false"
200256,"Comédia Romântica","ação",2007,4,138,"pt","índia","netflix",2023-06-29,"true"
200257,"Mistério da Mansão","comédia",2003,5,101,"de","coreia do sul","outro",2024-03-09,"false"
200258,"Ação Explosiva","ação",1991,4,148,"es","brasil","amazon prime",2024-02-05,"false"
200259,"Drama da Vida Real","terror",2001,4,144,"de","japão","netflix",2023-06-12,"false"
200260,"O Último Voo","terror",1995,5,162,"pt","coreia do sul","amazon prime",2023-07-01,"true"
200261,"Ficção Científica 2077","documentário",2008,2,173,"fr","índia","amazon prime",2024-03-01,"false"
200262,"Aventura na Floresta","documentário",2004,2,79,"pt","japão","netflix",2023-07-23,"false"
200263,"Ficção Científica 2077","comédia",2009,5,125,"en","índia","hbo max",2023-09-09,"true"
200264,"Terror na Noite","ficção científica",2023,4,122,"de","brasil","desconhecido",2024-05-08,"false"
200265,"Mistério da Mansão","terror",2005,3,117,"fr","coreia do sul","outro",2023-08-17,"false"
200266,"Terror na Noite","ação",2015,5,76,"es","brasil","outro",2023-12-05,"false"
200267,"Comédia Romântica","drama",2004,5,94,"es","índia","netflix",2023-07-23,"false"
200268,"Comédia Romântica","comédia",1998,1,108,"es","japão","netflix",2023-06-29,"false"
200269,"Ficção Científica 2077","drama",1999,4,139,"pt","índia","desconhecido",2024-04-05,"true"
200270,"O Último Voo","ficção científica",2004,3,161,"fr","coreia do sul","netflix",2023-09-29,"true"
200271,"Aventura na Floresta","drama",1997,3,101,"pt","espanha","netflix",2023-08-24,"false"
200272,"Terror na Noite","ação",1997,4,74,"pt","brasil","hbo max",2023-12-15,"false"
200273,"Ficção Científica 2077","documentário",2004,5,130,"pt","coreia do sul","netflix",2024-06-07,"true"
200274,"Ficção Científica 2077","ficção científica",2002,5,115,"pt","eua","netflix",2024-01-18,"false"
200275,"Ficção Científica 2077","comédia",2023,4,88,"es","coreia do sul","amazon prime",2023-10-26,"true"
200276,"Aventura na Floresta","ficção científica",1991,1,170,"in","coreia do sul","netflix",2024-04-14,"true"
200277,"Ficção Científica 2077","documentário",2003,1,172,"es","eua","hbo max",2023-07-04,"true"
200278,"Mistério da Mansão","ficção científica",2017,4,136,"fr","coreia do sul","outro",2024-06-01,"true"
200279,"Drama da Vida Real","ficção científica",2013,2,92,"en","índia","amazon prime",2024-03-05,"true"
200280,"O Último Voo","terror",2020,5,75,"pt","coreia do sul","netflix",2023-07-11,"false"
200281,"Mistério da Mansão","comédia",1991,2,134,"en","eua","amazon prime",2023-06-01,"false"
200282,"Terror na Noite","drama",2014,4,126,"in","frança","desconhecido",2023-09-12,"true"
200283,"Terror na Noite","ação",1999,4,102,"en","eua","netflix",2023-12-17,"false"
200284,"Ação Explosiva","ficção científica",2006,3,109,"en","japão","hbo max",2024-05-07,"false"
200285,"Mistério da Mansão","comédia",2016,2,160,"en","espanha","outro",2023-12-19,"true"
200286,"Comédia Romântica","terror",2020,4,174,"de","coreia do sul","netflix",2024-05-24,"true"
200287,"O Último Voo","terror",2011,4,155,"en","frança","netflix",2023-10-09,"true"
200288,"Aventura na Floresta","comédia",2020,5,125,"es","japão","hbo max",2024-01-04,"false"
200289,"Ficção Científica 2077","terror",2023,4,168,"fr","coreia do sul","netflix",2024-01-20,"true"
200290,"Comédia Romântica","comédia",1991,5,161,"es","brasil","hbo max",2024-05-26,"true"
200291,"Ação Explosiva","ação",2004,2,120,"fr","eua","netflix",2024-02-28,"true"
200292,"Aventura na Floresta","drama",2006,4,174,"fr","brasil","outro",2023-08-20,"true"
200293,"Terror na Noite","ficção científica",2007,4,74,"de","espanha","amazon prime",2024-06-12,"false"
200294,"Comédia Romântica","ação",1997,4,141,"de","frança","desconhecido",2024-01-27,"true"
200295,"Mistério da Mansão","drama",2008,3,158,"de","frança","amazon prime",2024-01-21,"sim"
200296,"Documentário da Natureza","drama",2003,2,117,"en","coreia do sul","amazon prime",2024-03-25,"true"
200297,"Drama da Vida Real","comédia",2005,5,134,"en","coreia do sul","amazon prime",2023-10-13,"true"
200298,"Ficção Científica 2077","documentário",1999,4,141,"de","frança","amazon prime",2023-12-18,"false"
200299,"Ficção Científica 2077","comedia",2015,2,172,"pt","frança","hbo max",2023-11-15,"false"
200300,"Ação Explosiva","acao",2011,3,143,"fr","índia","hbo max",2023-09-24,"true"
200301,"Comédia Romântica","ação",1997,5,140,"in","espanha","outro",2023-06-24,"true"
200302,"Terror na Noite","documentário",2014,5,146,"po","espanha","amazon prime",2023-09-16,"desconhecido"
200303,"Drama da Vida Real","ação",2009,1,165,"es","eua","amazon prime",2023-06-20,"true"
200304,"Documentário da Natureza","documentário",2000,5,122,"fr","índia","amazon prime",2024-04-26,"false"
200305,"Mistério da Mansão","comédia",1990,3,135,"de","japão","amazon prime",2023-11-25,"false"
200306,"Mistério da Mansão","documentário",2005,5,141,"po","índia","desconhecido",2024-01-22,"true"
200307,"Terror na Noite","documentário",2015,4,114,"es","frança","netflix",2023-11-14,"false"
200308,"Ação Explosiva","drama",1992,4,89,"en","brasil","outro",2024-03-05,"false"
200309,"Ficção Científica 2077","ação",2015,5,118,"de","japão","hbo max",2023-12-08,"true"
200310,"Terror na Noite","drama",2012,4,121,"es","eua","outro",2024-04-08,"false"
200311,"Aventura na Floresta","drama",1999,5,164,"en","brasil","outro",2023-07-07,"false"
200312,"Mistério da Mansão","drama",1998,3,123,"fr","índia","outro",2024-03-15,"true"
200313,"Documentário da Natureza","documentário",2017,2,147,"en","eua","netflix",2024-01-20,"true"
200314,"Documentário da Natureza","documentário",1995,5,161,"de","coreia do sul","desconhecido",2023-10-19,"desconhecido"
200315,"Comédia Romântica","comédia",2021,5,132,"es","espanha","amazon prime",2023-06-01,"true"
200316,"Documentário da Natureza","comédia",2003,4,158,"fr","frança","desconhecido",2024-06-29,"false"
200317,"Drama da Vida Real","drama",2003,5,117,"fr","japão","outro",2024-01-31,"false"
200318,"Drama da Vida Real","ação",2018,3,153,"fr","brasil","amazon prime",2023-09-29,"false"
200319,"Ficção Científica 2077","documentário",1998,5,92,"es","espanha","amazon prime",2024-03-29,"desconhecido"
200320,"Terror na Noite","acao",1996,5,95,"en","frança","amazon prime",2024-04-07,"true"
200321,"Ficção Científica 2077","ficção científica",1995,4,85,"fr","espanha","hbo max",2023-06-25,"false"
200322,"Mistério da Mansão","terror",2000,4,121,"de","brasil","amazon prime",2024-05-04,"false"
200323,"Comédia Romântica","comédia",1995,2,149,"pt","frança","outro",2024-04-23,"true"
200324,"Comédia Romântica","comédia",1991,2,143,"es","eua","hbo max",2023-09-03,"true"
200325,"Drama da Vida Real","terror",2010,4,142,"es","brasil","hbo max",2024-06-29,"false"
200326,"Documentário da Natureza","documentário",2005,3,100,"es","coreia do sul","hbo max",2023-09-25,"false"
200327,"Documentário da Natureza","ficção científica",1994,4,113,"pt","índia","netflix",2024-01-08,"false"
200328,"Aventura na Floresta","ação",2011,2,179,"es","frança","amazon prime",2023-08-26,"false"
200329,"Documentário da Natureza","terror",1997,5,93,"pt","japão","netflix",2023-10-11,"desconhecido"
200330,"Ação Explosiva","terror",2006,3,82,"es","coreia do sul","outro",2024-04-16,"desconhecido"
200331,"Comédia Romântica","drama",2019,4,109,"fr","índia","amazon prime",2024-02-22,"true"
200332,"Comédia Romântica","ação",2012,3,160,"es","coreia do sul","netflix",2024-02-12,"true"
200333,"Drama da Vida Real","documentário",2001,3,101,"en","coreia do sul","outro",2023-08-06,"true"
200334,"Terror na Noite","comédia",2014,4,78,"fr","japão","desconhecido",2023-06-13,"false"
200335,"Comédia Romântica","documentário",2015,1,157,"es","índia","netflix",2023-06-14,"false"
200336,"O Último Voo","ação",2002,2,148,"de","coreia do sul","amazon prime",2024-02-07,"false"
200337,"Aventura na Floresta","documentário",1991,5,167,"es","brasil","netflix",2023-09-13,"false"
200338,"Mistério da Mansão","terror",1996,3,129,"en","espanha","outro",2024-02-13,"false"
200339,"Aventura na Floresta","terror",2002,5,130,"en","frança","desconhecido",2023-12-18,"true"
200340,"Aventura na Floresta","terror",1993,1,130,"es","eua","netflix",2023-08-18,"false"
200341,"Drama da Vida Real","terror",1999,3,134,"de","índia","desconhecido",2024-01-03,"false"
200342,"Documentário da Natureza","acao",2009,5,129,"pt","índia","hbo max",2024-06-09,"desconhecido"
200343,"O Último Voo","documentário",2016,5,144,"es","brasil","hbo max",2024-05-08,"true"
200344,"Ação Explosiva","comédia",2023,4,82,"en","índia","netflix",2024-04-27,"true"
200345,"Documentário da Natureza","ação",1991,4,122,"es","espanha","desconhecido",2024-04-19,"false"
200346,"Aventura na Floresta","ficção científica",2003,3,154,"de","coreia do sul","hbo max",2023-07-10,"false"
200347,"Ação Explosiva","drama",2008,4,151,"in","frança","amazon prime",2023-11-19,"false"
200348,"Terror na Noite","ficção científica",2010,4,143,"fr","índia","amazon prime",2024-05-13,"false"
200349,"Drama da Vida Real","documentário",2022,4,94,"de","espanha","amazon prime",2023-06-08,"false"
200350,"Ficção Científica 2077","ficção científica",1990,3,135,"es","coreia do sul","hbo max",2024-01-27,"false"
200351,"Mistério da Mansão","comédia",2020,3,76,"de","eua","amazon prime",2023-06-01,"true"
200352,"Mistério da Mansão","ação",2020,4,128,"in","frança","netflix",2024-03-15,"false"
200353,"Comédia Romântica","acao",2009,1,143,"de","japão","outro",2024-05-22,"false"
200354,"Comédia Romântica","ação",2023,4,82,"pt","coreia do sul","hbo max",2024-01-26,"false"
200355,"Ficção Científica 2077","documentário",2019,1,134,"de","índia","amazon prime",2023-10-29,"false"
200356,"Documentário da Natureza","ação",2010,4,125,"pt","eua","netflix",2024-01-18,"false"
200357,"Mistério da Mansão","drama",2021,5,76,"en","frança","desconhecido",2023-12-12,"false"
200358,"Mistério da Mansão","drama",2009,4,150,"de","frança","outro",2023-07-07,"false"
200359,"Documentário da Natureza","ação",2021,4,150,"en","coreia do sul","outro",2024-06-05,"false"
200360,"Terror na Noite","documentário",2016,5,127,"es","frança","netflix",2024-03-24,"false"
200361,"O Último Voo","drama",1997,5,175,"pt","espanha","amazon prime",2023-09-21,"true"
200362,"Drama da Vida Real","documentário",1997,5,168,"pt","coreia do sul","netflix",2023-12-27,"false"
200363,"Drama da Vida Real","terror",2009,3,97,"po","japão","outro",2024-03-26,"sim"
200364,"Terror na Noite","drama",2018,5,160,"de","espanha","desconhecido",2023-06-27,"true"
200365,"Mistério da Mansão","comedia",2022,4,124,"de","eua","hbo max",2023-09-03,"true"
200366,"Aventura na Floresta","ficção científica",2006,5,105,"in","eua","hbo max",2024-04-09,"false"
200367,"Documentário da Natureza","comédia",2020,5,151,"es","frança","hbo max",2023-10-09,"true"
200368,"Documentário da Natureza","terror",2014,4,113,"es","frança","amazon prime",2024-06-01,"true"
200369,"Ação Explosiva","ficção científica",1998,2,158,"en","brasil","outro",2024-06-24,"true"
200370,"Drama da Vida Real","terror",2013,4,94,"en","eua","netflix",2024-02-13,"true"
200371,"Drama da Vida Real","documentário",1991,5,81,"en","brasil","hbo max",2023-06-13,"false"
200372,"Drama da Vida Real","ação",2021,4,162,"es","espanha","amazon prime",2023-12-18,"false"
200373,"Documentário da Natureza","comedia",2005,4,89,"pt","coreia do sul","hbo max",2024-04-28,"false"
200374,"Mistério da Mansão","ação",2022,5,107,"en","coreia do sul","hbo max",2023-07-30,"false"
200375,"Documentário da Natureza","ação",2008,4,158,"de","frança","outro",2023-09-01,"false"
200376,"Drama da Vida Real","documentário",2014,4,89,"es","espanha","amazon prime",2023-08-29,"false"
200377,"Aventura na Floresta","drama",2007,3,154,"fr","brasil","amazon prime",2024-02-07,"true"
200378,"Aventura na Floresta","documentário",2018,4,86,"pt","espanha","hbo max",2024-01-04,"false"
200379,"Mistério da Mansão","drama",2017,5,73,"en","espanha","netflix",2023-06-13,"true"
200380,"O Último Voo","ficção científica",2023,5,101,"es","coreia do sul","amazon prime",2024-06-03,"false"
200381,"O Último Voo","comédia",2019,5,143,"es","coreia do sul","outro",2024-01-14,"false"
200382,"Drama da Vida Real","terror",1992,4,128,"fr","eua","amazon prime",2024-01-12,"true"
200383,"Ficção Científica 2077","ficção científica",2001,5,141,"de","japão","netflix",2023-11-09,"false"
200384,"Aventura na Floresta","terror",1993,5,97,"es","eua","netflix",2023-10-10,"false"
200385,"Ação Explosiva","ação",2005,5,178,"fr","frança","amazon prime",2023-09-07,"false"
200386,"Drama da Vida Real","drama",2016,4,166,"de","índia","netflix",2023-06-01,"false"
200387,"Drama da Vida Real","documentário",2008,3,137,"pt","coreia do sul","netflix",2024-02-29,"false"
200388,"Mistério da Mansão","ficção científica",2007,4,84,"fr","eua","amazon prime",2024-05-24,"false"
200389,"O Último Voo","ficção científica",1991,5,88,"fr","espanha","amazon prime",2024-02-24,"false"
200390,"Ação Explosiva","drama",1997,2,126,"de","frança","amazon prime",2024-03-24,"false"
200391,"Drama da Vida Real","comédia",2007,4,93,"de","eua","amazon prime",2024-01-27,"false"
200392,"Ação Explosiva","ficção científica",2011,5,177,"es","brasil","netflix",2024-04-13,"true"
200393,"Ficção Científica 2077","terror",2008,4,156,"de","eua","amazon prime",2023-11-21,"sim"
200394,"Terror na Noite","ficção científica",2015,3,111,"in","espanha","amazon prime",2023-06-08,"true"
200395,"Aventura na Floresta","drama",1990,4,162,"es","frança","amazon prime",2024-03-23,"false"
200396,"Terror na Noite","comédia",1992,4,101,"es","frança","desconhecido",2023-09-18,"false"
200397,"Terror na Noite","drama",2007,5,142,"pt","índia","netflix",2024-05-01,"false"
200398,"Drama da Vida Real","drama",1996,5,152,"de","espanha","netflix",2023-07-08,"false"
200399,"Ação Explosiva","drama",2014,3,94,"es","frança","amazon prime",2023-12-22,"false"
200400,"Documentário da Natureza","ficção científica",2019,4,70,"de","brasil","amazon prime",2023-06-11,"true"
200401,"O Último Voo","terror",2015,4,114,"pt","japão","hbo max",2024-02-19,"true"
200402,"Terror na Noite","acao",2002,4,148,"de","eua","hbo max",2023-07-28,"false"
200403,"Comédia Romântica","comédia",2018,4,72,"pt","brasil","hbo max",2023-12-02,"false"
200404,"Drama da Vida Real","documentário",1996,5,107,"es","espanha","amazon prime",2023-10-25,"false"
200405,"Aventura na Floresta","documentário",2009,5,138,"pt","eua","desconhecido",2024-03-31,"false"
200406,"O Último Voo","documentário",1995,4,94,"en","brasil","netflix",2023-09-13,"false"
200407,"Ação Explosiva","comédia",2019,4,87,"pt","coreia do sul","outro",2024-06-26,"true"
200408,"Drama da Vida Real","comédia",2017,4,118,"pt","coreia do sul","amazon prime",2023-11-23,"false"
200409,"Terror na Noite","ação",2004,1,162,"es","espanha","netflix",2024-01-05,"false"
200410,"Comédia Romântica","comédia",1994,5,110,"es","eua","amazon prime",2023-11-24,"true"
200411,"Aventura na Floresta","documentário",2003,4,144,"pt","espanha","desconhecido",2024-02-01,"true"
200412,"Drama da Vida Real","ficção científica",1996,2,102,"in","eua","hbo max",2023-07-31,"false"
200413,"Terror na Noite","ficção científica",2006,4,83,"en","índia","netflix",2024-04-09,"false"
200414,"Terror na Noite","drama",2011,5,114,"en","brasil","hbo max",2024-03-13,"false"
200415,"Mistério da Mansão","acao",2005,5,143,"de","coreia do sul","netflix",2024-02-11,"false"
200416,"Mistério da Mansão","documentário",2006,5,110,"pt","índia","hbo max",2023-06-25,"false"
200417,"Ficção Científica 2077","comédia",2005,5,114,"de","coreia do sul","netflix",2024-04-05,"true"
200418,"Ação Explosiva","ação",2022,4,160,"en","índia","netflix",2023-10-01,"false"
200419,"O Último Voo","ficção científica",2015,3,145,"en","eua","amazon prime",2023-11-24,"true"
200420,"Aventura na Floresta","ficção científica",1997,5,132,"en","espanha","netflix",2023-06-25,"false"
200421,"Aventura na Floresta","drama",2008,3,120,"de","japão","amazon prime",2024-04-27,"false"
200422,"Ação Explosiva","comédia",2017,5,177,"en","brasil","outro",2024-04-07,"false"
200423,"Aventura na Floresta","ação",1999,4,109,"pt","eua","netflix",2023-12-19,"desconhecido"
200424,"Ficção Científica 2077","terror",2014,5,165,"en","eua","outro",2023-12-16,"false"
200425,"Aventura na Floresta","comédia",2015,5,74,"pt","espanha","desconhecido",2024-01-08,"true"
200426,"Ação Explosiva","ação",1992,2,163,"en","espanha","hbo max",2023-11-08,"true"
200427,"Documentário da Natureza","comédia",2011,5,167,"es","frança","hbo max",2023-09-09,"desconhecido"
200428,"Terror na Noite","documentário",2010,3,100,"fr","eua","hbo max",2024-01-24,"false"
200429,"Aventura na Floresta","acao",1992,4,174,"fr","frança","netflix",2023-12-27,"false"
200430,"Terror na Noite","ação",2013,4,121,"es","frança","amazon prime",2024-01-29,"false"
200431,"Drama da Vida Real","ação",2011,3,140,"es","brasil","outro",2024-05-01,"true"
200432,"Mistério da Mansão","drama",1990,4,84,"pt","coreia do sul","hbo max",2023-06-13,"false"
200433,"Ficção Científica 2077","documentário",2013,5,168,"de","brasil","desconhecido",2024-04-30,"true"
200434,"O Último Voo","acao",2008,3,109,"fr","coreia do sul","desconhecido",2023-12-12,"false"
200435,"aventura na floresta","ficção científica",2009,3,91,"es","índia","hbo max",2023-06-25,"true"
200436,"Aventura na Floresta","comédia",2004,4,172,"fr","brasil","netflix",2024-02-10,"sim"
200437,"Ficção Científica 2077","drama",2004,3,155,"en","brasil","netflix",2023-07-19,"false"
200438,"Ficção Científica 2077","ficção científica",2007,3,72,"de","brasil","hbo max",2024-02-25,"false"
200439,"Drama da Vida Real","documentário",2013,3,231,"fr","coreia do sul","netflix",2024-03-25,"false"
200440,"Ação Explosiva","ficção científica",2011,5,89,"pt","espanha","netflix",2024-05-03,"false"
200441,"Terror na Noite","documentário",2008,2,156,"pt","espanha","netflix",2024-02-21,"false"
200442,"Drama da Vida Real","terror",1995,5,159,"pt","japão","hbo max",2023-10-29,"true"
200443,"Ficção Científica 2077","ficção científica",2002,4,131,"fr","índia","netflix",2024-04-06,"false"
200444,"Drama da Vida Real","documentário",2014,1,111,"de","frança","desconhecido",2023-10-08,"false"
200445,"Terror na Noite","ficção científica",1996,5,175,"fr","índia","outro",2024-06-27,"true"
200446,"Ação Explosiva","ação",2011,2,233,"es","índia","amazon prime",2024-01-08,"desconhecido"
200447,"O Último Voo","ficção científica",2020,4,150,"en","frança","amazon prime",2023-06-26,"false"
200448,"Aventura na Floresta","ação",2005,1,147,"es","coreia do sul","amazon prime",2023-12-05,"false"
200449,"O Último Voo","comédia",2016,4,80,"en","japão","amazon prime",2023-10-26,"true"
200450,"Ação Explosiva","drama",2004,3,95,"en","brasil","amazon prime",2023-09-08,"true"
200451,"Ação Explosiva","terror",2013,4,179,"de","coreia do sul","desconhecido",2024-03-28,"false"
200452,"Ação Explosiva","terror",2008,5,166,"pt","eua","hbo max",2024-03-19,"false"
200453,"Comédia Romântica","documentário",2007,3,158,"fr","frança","netflix",2024-05-26,"false"
200454,"Drama da Vida Real","documentário",1996,4,85,"pt","japão","desconhecido",2023-09-25,"true"
200455,"Comédia Romântica","drama",2013,5,79,"en","eua","hbo max",2024-03-21,"true"
200456,"Mistério da Mansão","ação",2004,5,93,"fr","índia","hbo max",2024-04-30,"true"
200457,"Ficção Científica 2077","ação",1992,5,169,"de","eua","outro",2024-04-24,"false"
200458,"Ficção Científica 2077","drama",2023,4,166,"en","índia","netflix",2023-11-03,"sim"
200459,"Terror na Noite","terror",2004,4,249,"en","brasil","desconhecido",2023-09-05,"desconhecido"
200460,"Ação Explosiva","terror",1992,3,112,"de","frança","netflix",2023-10-01,"false"
200461,"Ação Explosiva","ficção científica",2021,5,165,"fr","frança","amazon prime",2024-01-15,"true"
200462,"Ficção Científica 2077","terror",1992,4,140,"es","frança","netflix",2023-12-13,"true"
200463,"Drama da Vida Real","comedia",2008,4,152,"de","japão","desconhecido",2024-04-22,"false"
200464,"Terror na Noite","documentário",2014,4,130,"fr","frança","amazon prime",2023-11-16,"true"
200465,"Terror na Noite","drama",1993,3,169,"es","japão","netflix",2023-07-23,"true"
200466,"Drama da Vida Real","ficção científica",2001,5,112,"es","eua","hbo max",2024-01-05,"false"
200467,"Terror na Noite","drama",2006,2,146,"de","frança","desconhecido",2023-06-29,"false"
200468,"Ficção Científica 2077","documentário",2018,5,119,"fr","eua","outro",2023-09-10,"true"
200469,"Ficção Científica 2077","ação",2004,4,114,"fr","coreia do sul","hbo max",2024-03-27,"true"
200470,"O Último Voo","documentário",2003,5,78,"pt","frança","outro",2023-08-19,"false"
200471,"Ação Explosiva","terror",2009,5,162,"en","espanha","hbo max",2024-03-06,"true"
200472,"O Último Voo","comédia",2014,5,91,"pt","espanha","amazon prime",2023-11-06,"true"
200473,"O Último Voo","comédia",2008,3,92,"en","japão","hbo max",2023-07-18,"true"
200474,"Comédia Romântica","comédia",2022,3,70,"es","japão","amazon prime",2023-10-22,"true"
200475,"Aventura na Floresta","comédia",2023,2,70,"es","frança","amazon prime",2024-05-12,"false"
200476,"Aventura na Floresta","documentário",2005,5,169,"es","índia","hbo max",2023-12-18,"false"
200477,"Ficção Científica 2077","drama",1993,4,145,"de","eua","outro",2024-04-01,"false"
200478,"Ação Explosiva","terror",2017,5,133,"fr","espanha","amazon prime",2024-03-31,"false"
200479,"Drama da Vida Real","drama",2014,4,143,"pt","espanha","hbo max",2024-05-12,"sim"
200480,"Ação Explosiva","drama",1996,1,114,"pt","japão","netflix",2024-03-13,"false"
200481,"Aventura na Floresta","comédia",1992,2,151,"es","índia","desconhecido",2023-08-11,"false"
200482,"Mistério da Mansão","terror",2001,4,144,"en","espanha","hbo max",2023-08-03,"true"
200483,"Aventura na Floresta","ação",2022,2,141,"es","espanha","amazon prime",2023-09-24,"false"
200484,"Drama da Vida Real","ação",2017,5,136,"fr","frança","netflix",2024-03-14,"false"
200485,"Aventura na Floresta","documentário",1995,4,151,"en","coreia do sul","outro",2024-04-17,"true"
200486,"Ficção Científica 2077","drama",2008,1,73,"es","brasil","hbo max",2023-10-30,"true"
200487,"Terror na Noite","terror",2021,2,167,"es","frança","netflix",2023-10-30,"true"
200488,"Aventura na Floresta","ação",1990,1,171,"pt","eua","hbo max",2024-01-16,"true"
200489,"Documentário da Natureza","documentário",2011,5,153,"en","brasil","amazon prime",2023-08-21,"true"
200490,"Comédia Romântica","documentário",2021,2,159,"fr","brasil","netflix",2024-03-09,"false"
200491,"Drama da Vida Real","terror",1990,5,113,"de","espanha","amazon prime",2023-07-22,"false"
200492,"O Último Voo","terror",2020,5,153,"pt","espanha","amazon prime",2023-07-01,"false"
200493,"Terror na Noite","drama",2016,3,130,"es","coreia do sul","netflix",2024-03-21,"false"
200494,"Documentário da Natureza","ficção científica",2001,5,92,"de","espanha","hbo max",2024-03-01,"false"
200495,"aventura na floresta","ação",2014,4,167,"pt","brasil","amazon prime",2023-07-30,"false"
200496,"Terror na Noite","comédia",2010,4,97,"fr","japão","amazon prime",2024-04-25,"true"
200497,"Aventura na Floresta","comédia",2005,5,177,"en","eua","netflix",2024-03-12,"false"
200498,"Aventura na Floresta","ação",1999,4,76,"es","índia","hbo max",2024-03-23,"true"
200499,"Documentário da Natureza","documentário",2021,4,179,"en","frança","hbo max",2024-02-07,"true"
200500,"Drama da Vida Real","comédia",2022,3,83,"pt","coreia do sul","amazon prime",2024-03-09,"false"
200501,"Mistério da Mansão","drama",1991,4,76,"en","brasil","amazon prime",2023-10-11,"false"
200502,"Comédia Romântica","terror",2009,3,115,"es","índia","amazon prime",2023-10-18,"false"
200503,"Aventura na Floresta","ação",2019,3,111,"de","brasil","hbo max",2023-11-01,"true"
200504,"Documentário da Natureza","comédia",1991,4,113,"fr","eua","netflix",2023-06-04,"desconhecido"
200505,"Documentário da Natureza","comedia",2003,5,86,"es","índia","outro",2023-06-02,"false"
200506,"Ficção Científica 2077","ação",2001,1,150,"de","brasil","hbo max",2024-01-30,"false"
200507,"Aventura na Floresta","ação",2008,5,169,"fr","coreia do sul","outro",2023-11-20,"true"
200508,"Drama da Vida Real","documentário",2013,4,144,"es","brasil","hbo max",2023-08-01,"true"
200509,"Aventura na Floresta","drama",2022,5,165,"fr","japão","hbo max",2023-11-26,"false"
200510,"Ação Explosiva","drama",2010,5,97,"fr","frança","netflix",2024-01-16,"true"
200511,"Ficção Científica 2077","terror",2010,2,106,"es","eua","netflix",2023-12-26,"false"
200512,"Documentário da Natureza","documentário",2001,5,155,"pt","índia","hbo max",2023-11-30,"true"
200513,"Comédia Romântica","drama",2019,5,73,"es","frança","hbo max",2023-06-28,"true"
200514,"Ficção Científica 2077","ação",2016,4,112,"pt","japão","netflix",2023-06-02,"true"
200515,"Comédia Romântica","ficção científica",2007,2,104,"de","eua","hbo max",2024-02-25,"true"
200516,"Documentário da Natureza","terror",2019,4,108,"fr","coreia do sul","amazon prime",2023-06-17,"false"
200517,"Drama da Vida Real","ação",2015,4,174,"pt","espanha","amazon prime",2024-06-16,"true"
200518,"Terror na Noite","ficção científica",2022,4,141,"pt","brasil","netflix",2024-03-01,"true"
200519,"O Último Voo","comedia",1996,5,75,"de","coreia do sul","amazon prime",2024-04-06,"false"
200520,"Mistério da Mansão","comédia",2011,2,145,"en","índia","hbo max",2023-09-30,"false"
200521,"O Último Voo","drama",2022,4,126,"fr","japão","hbo max",2023-08-07,"false"
200522,"Documentário da Natureza","comédia",2020,4,72,"fr","frança","amazon prime",2023-11-10,"false"
200523,"Aventura na Floresta","documentário",2002,4,146,"en","frança","outro",2024-04-08,"true"
200524,"Aventura na Floresta","ação",2008,5,77,"pt","coreia do sul","netflix",2023-12-10,"true"
200525,"Documentário da Natureza","documentário",1995,4,149,"fr","frança","desconhecido",2023-07-18,"true"
200526,"Ficção Científica 2077","documentário",1997,2,102,"fr","japão","amazon prime",2023-12-20,"false"
200527,"Drama da Vida Real","ficção científica",2011,4,166,"po","coreia do sul","amazon prime",2024-06-28,"false"
200528,"Documentário da Natureza","comédia",2022,5,127,"en","índia","outro",2023-07-16,"true"
200529,"Drama da Vida Real","ação",2011,2,99,"es","espanha","amazon prime",2024-03-16,"true"
200530,"Ação Explosiva","comédia",2017,2,88,"de","eua","hbo max",2023-12-24,"true"
200531,"O Último Voo","ação",2000,1,144,"en","espanha","netflix",2024-05-12,"true"
200532,"Aventura na Floresta","terror",2016,4,96,"de","eua","hbo max",2023-10-22,"false"
200533,"Comédia Romântica","ação",2006,5,160,"de","índia","desconhecido",2023-06-09,"false"
200534,"Comédia Romântica","documentário",2012,4,167,"en","japão","netflix",2024-03-02,"true"
200535,"Documentário da Natureza","comédia",2004,5,168,"fr","coreia do sul","netflix",2024-05-25,"false"
200536,"Ficção Científica 2077","ficção científica",1992,4,167,"es","frança","netflix",2023-10-15,"false"
200537,"Terror na Noite","comédia",2017,4,153,"pt","eua","hbo max",2024-02-11,"false"
200538,"Mistério da Mansão","drama",2019,4,147,"pt","espanha","netflix",2023-06-17,"false"
200539,"Comédia Romântica","drama",2013,5,138,"pt","frança","netflix",2024-02-18,"false"
200540,"Ação Explosiva","ação",2011,3,156,"de","coreia do sul","hbo max",2024-04-03,"false"
200541,"Aventura na Floresta","terror",2003,2,146,"en","japão","hbo max",2024-01-31,"true"
200542,"Ação Explosiva","drama",1998,5,161,"es","índia","hbo max",2024-01-30,"false"
200543,"Comédia Romântica","ficção científica",2006,1,96,"en","frança","netflix",2023-10-17,"desconhecido"
200544,"Ação Explosiva","documentário",1996,4,159,"es","eua","netflix",2023-07-13,"false"
200545,"Aventura na Floresta","comédia",1991,2,98,"es","espanha","outro",2024-05-10,"false"
200546,"Ação Explosiva","documentário",2023,4,150,"de","brasil","netflix",2024-06-05,"true"
200547,"Documentário da Natureza","terror",2004,2,82,"pt","brasil","netflix",2024-02-21,"false"
200548,"Documentário da Natureza","ação",2001,5,118,"pt","japão","netflix",2024-05-25,"false"
200549,"O Último Voo","comédia",2017,5,169,"de","espanha","amazon prime",2023-08-24,"true"
200550,"Aventura na Floresta","comédia",2014,5,162,"de","brasil","outro",2023-10-24,"true"
200551,"Ação Explosiva","terror",2009,5,133,"pt","coreia do sul","amazon prime",2024-05-20,"false"
200552,"Documentário da Natureza","comédia",2016,1,139,"pt","espanha","amazon prime",2024-01-03,"sim"
200553,"Ficção Científica 2077","terror",2021,4,117,"pt","frança","desconhecido",2024-05-28,"true"
200554,"Ficção Científica 2077","documentário",2017,4,138,"pt","índia","netflix",2024-02-13,"false"
200555,"O Último Voo","comédia",2012,3,113,"en","índia","outro",2023-10-20,"false"
200556,"Ação Explosiva","terror",2017,4,179,"de","índia","hbo max",2023-12-23,"false"
200557,"Ficção Científica 2077","ficção científica",2000,4,114,"pt","índia","netflix",2023-06-22,"sim"
200558,"Documentário da Natureza","drama",2007,2,138,"en","brasil","amazon prime",2023-11-24,"false"
200559,"Comédia Romântica","ação",2021,5,156,"pt","espanha","netflix",2023-11-10,"desconhecido"
200560,"O Último Voo","documentário",2003,4,139,"de","frança","amazon prime",2023-07-08,"true"
200561,"Ficção Científica 2077","documentário",1996,4,174,"po","frança","netflix",2024-03-06,"true"
200562,"Terror na Noite","drama",1994,3,129,"de","frança","desconhecido",2023-09-26,"true"
200563,"Comédia Romântica","comédia",2000,5,155,"de","japão","netflix",2023-06-12,"false"
200564,"Ficção Científica 2077","terror",2004,5,89,"fr","coreia do sul","netflix",2024-05-15,"false"
200565,"Drama da Vida Real","ficção científica",2003,5,172,"es","japão","outro",2023-11-06,"true"
200566,"Ficção Científica 2077","ação",2023,3,169,"po","brasil","hbo max",2024-02-29,"false"
200567,"Ação Explosiva","drama",2011,5,89,"in","espanha","amazon prime",2024-01-22,"false"
200568,"Comédia Romântica","drama",2021,5,136,"en","coreia do sul","netflix",2024-06-23,"true"
200569,"Drama da Vida Real","terror",1994,3,148,"fr","japão","desconhecido",2024-03-28,"false"
200570,"Terror na Noite","ficção científica",1992,5,89,"es","japão","hbo max",2023-12-31,"desconhecido"
200571,"Drama da Vida Real","ficção científica",2019,5,97,"fr","japão","amazon prime",2023-10-02,"sim"
200572,"Ação Explosiva","documentário",1998,5,131,"de","eua","desconhecido",2024-05-26,"false"
200573,"Documentário da Natureza","drama",2017,4,166,"de","coreia do sul","hbo max",2024-06-07,"desconhecido"
200574,"Drama da Vida Real","documentário",2008,5,129,"fr","brasil","netflix",2023-07-27,"true"
200575,"Documentário da Natureza","terror",2006,3,114,"fr","coreia do sul","netflix",2023-10-01,"false"
200576,"Ação Explosiva","comédia",2000,5,162,"pt","espanha","hbo max",2024-04-22,"false"
200577,"Documentário da Natureza","ficção científica",1995,5,74,"de","frança","amazon prime",2023-07-23,"false"
200578,"Ação Explosiva","drama",1990,3,133,"de","eua","amazon prime",2023-07-01,"true"
200579,"Comédia Romântica","comédia",1990,1,150,"de","coreia do sul","outro",2023-10-23,"false"
200580,"Drama da Vida Real","drama",2019,2,125,"de","japão","netflix",2023-11-15,"false"
200581,"O Último Voo","ficção científica",2005,4,82,"de","eua","amazon prime",2023-10-02,"false"
200582,"Mistério da Mansão","drama",1999,4,164,"en","eua","outro",2023-11-26,"false"
200583,"Comédia Romântica","documentário",2002,4,164,"en","índia","netflix",2024-01-22,"false"
200584,"Documentário da Natureza","documentário",1996,5,124,"pt","frança","amazon prime",2024-03-04,"false"
200585,"aventura na floresta","drama",2015,5,132,"de","frança","hbo max",2024-01-15,"true"
200586,"Terror na Noite","drama",1993,4,149,"pt","eua","netflix",2024-01-21,"false"
200587,"O Último Voo","documentário",2002,1,154,"es","frança","netflix",2023-10-21,"true"
200588,"O Último Voo","comédia",2007,2,118,"fr","coreia do sul","netflix",2024-03-17,"false"
200589,"O Último Voo","ação",1998,3,113,"pt","espanha","hbo max",2023-10-26,"true"
200590,"O Último Voo","ação",2023,4,161,"de","eua","hbo max",2023-08-29,"true"
200591,"Documentário da Natureza","drama",2013,5,113,"es","brasil","netflix",2024-05-10,"false"
200592,"Comédia Romântica","ficção científica",2008,4,168,"es","frança","amazon prime",2024-06-27,"true"
200593,"Terror na Noite","acao",1990,3,71,"pt","eua","netflix",2023-11-20,"sim"
200594,"aventura na floresta","documentário",2017,5,71,"en","espanha","netflix",2023-09-06,"false"
200595,"Documentário da Natureza","comédia",2020,4,105,"fr","coreia do sul","hbo max",2024-03-31,"true"
200596,"Ação Explosiva","terror",2014,2,130,"es","eua","amazon prime",2023-11-30,"false"
200597,"Terror na Noite","documentário",1992,4,149,"de","frança","desconhecido",2024-04-16,"false"
200598,"Ação Explosiva","ficção científica",2002,4,75,"pt","japão","outro",2024-01-25,"desconhecido"
200599,"Mistério da Mansão","ficção científica",1995,2,95,"en","frança","amazon prime",2024-03-19,"false"
200600,"Ficção Científica 2077","documentário",1996,3,150,"pt","frança","netflix",2024-06-01,"false"
200601,"Terror na Noite","ficção científica",2011,4,154,"de","brasil","amazon prime",2023-12-26,"true"
200602,"O Último Voo","comedia",2003,4,145,"pt","japão","desconhecido",2023-07-16,"false"
200603,"Comédia Romântica","drama",2019,4,151,"de","espanha","outro",2023-10-30,"true"
200604,"Ficção Científica 2077","terror",2000,4,157,"en","índia","outro",2023-10-26,"desconhecido"
200605,"Ação Explosiva","comédia",2006,2,175,"in","japão","hbo max",2023-07-01,"true"
200606,"Documentário da Natureza","terror",2011,4,154,"en","coreia do sul","desconhecido",2024-05-24,"true"
200607,"O Último Voo","documentário",2006,4,141,"de","eua","outro",2023-07-14,"true"
200608,"O Último Voo","ação",2023,4,152,"es","eua","netflix",2023-10-12,"false"
200609,"Documentário da Natureza","drama",2009,5,76,"pt","espanha","netflix",2023-11-06,"false"
200610,"Aventura na Floresta","ação",2021,3,160,"fr","espanha","desconhecido",2023-06-14,"false"
200611,"Comédia Romântica","comédia",2007,4,77,"de","eua","netflix",2024-06-26,"false"
200612,"Ficção Científica 2077","ficção científica",1996,2,128,"en","coreia do sul","amazon prime",2024-01-05,"false"
200613,"aventura na floresta","drama",2016,3,123,"de","índia","netflix",2024-05-19,"false"
200614,"Comédia Romântica","terror",2023,5,151,"en","frança","netflix",2024-06-10,"false"
200615,"Ação Explosiva","ação",2003,3,79,"fr","coreia do sul","outro",2023-08-23,"true"
200616,"Ação Explosiva","documentário",1998,3,85,"pt","japão","hbo max",2023-06-05,"sim"
200617,"Ficção Científica 2077","terror",2019,1,176,"fr","índia","amazon prime",2023-06-11,"true"
200618,"Drama da Vida Real","drama",1995,5,104,"es","coreia do sul","outro",2024-05-11,"false"
200619,"Documentário da Natureza","ação",2023,4,78,"en","coreia do sul","netflix",2023-10-12,"true"
200620,"Ficção Científica 2077","terror",1990,4,178,"es","japão","amazon prime",2024-05-31,"true"
200621,"Mistério da Mansão","ação",2011,4,130,"fr","japão","desconhecido",2023-08-31,"false"
200622,"Terror na Noite","drama",2009,4,107,"es","coreia do sul","outro",2023-07-11,"false"
200623,"Comédia Romântica","acao",2011,2,152,"pt","japão","outro",2023-06-30,"sim"
200624,"Comédia Romântica","documentário",2015,5,139,"pt","coreia do sul","desconhecido",2024-06-03,"true"
200625,"O Último Voo","acao",2019,4,149,"en","japão","hbo max",2024-02-04,"true"
200626,"Terror na Noite","comédia",1994,4,144,"pt","frança","outro",2023-11-22,"true"
200627,"Mistério da Mansão","ficção científica",2008,3,128,"es","índia","hbo max",2023-08-19,"false"
200628,"Terror na Noite","ficção científica",2003,2,98,"fr","espanha","amazon prime",2024-06-26,"false"
200629,"Comédia Romântica","drama",2006,4,176,"fr","japão","netflix",2023-10-25,"false"
200630,"Comédia Romântica","ação",2013,5,120,"en","frança","netflix",2024-01-27,"true"
200631,"Mistério da Mansão","ficção científica",2013,5,90,"fr","frança","netflix",2024-02-26,"false"
200632,"Mistério da Mansão","comédia",1992,5,178,"es","coreia do sul","netflix",2023-07-31,"false"
200633,"Aventura na Floresta","comédia",2016,3,138,"pt","coreia do sul","hbo max",2023-09-13,"true"
200634,"Mistério da Mansão","drama",2007,4,109,"fr","japão","netflix",2024-03-06,"false"
200635,"Mistério da Mansão","ação",1990,5,104,"pt","eua","amazon prime",2024-06-02,"true"
200636,"Aventura na Floresta","documentário",2016,2,126,"pt","coreia do sul","outro",2024-02-24,"true"
200637,"Aventura na Floresta","terror",2022,5,74,"en","coreia do sul","amazon prime",2023-11-01,"true"
200638,"Drama da Vida Real","ação",1994,4,97,"fr","espanha","outro",2024-01-02,"false"
200639,"Ficção Científica 2077","ação",1990,5,155,"en","coreia do sul","amazon prime",2024-01-21,"false"
200640,"Ação Explosiva","ficção científica",2015,5,119,"fr","índia","hbo max",2023-11-11,"false"
200641,"Comédia Romântica","comedia",2013,5,80,"es","eua","hbo max",2023-06-07,"false"
200642,"Drama da Vida Real","drama",2016,5,146,"pt","eua","hbo max",2023-10-08,"false"
200643,"Ação Explosiva","comédia",2005,2,159,"pt","japão","netflix",2023-10-16,"desconhecido"
200644,"O Último Voo","documentário",2012,4,78,"en","coreia do sul","hbo max",2024-04-12,"sim"
200645,"Mistério da Mansão","comédia",2021,5,127,"fr","japão","outro",2023-12-02,"false"
200646,"Mistério da Mansão","documentário",2006,2,167,"es","brasil","amazon prime",2024-05-12,"false"
200647,"Terror na Noite","ação",2000,5,179,"en","eua","amazon prime",2024-06-06,"false"
200648,"Ficção Científica 2077","ação",1997,4,71,"pt","frança","desconhecido",2023-06-08,"true"
200649,"O Último Voo","comédia",2015,3,152,"de","japão","netflix",2023-09-10,"false"
200650,"Ação Explosiva","ação",1991,3,174,"po","espanha","netflix",2023-09-16,"true"
200651,"Aventura na Floresta","comédia",2014,3,71,"es","índia","netflix",2024-05-31,"true"
200652,"Terror na Noite","terror",1994,5,82,"es","índia","amazon prime",2024-02-11,"false"
200653,"Aventura na Floresta","ação",1991,3,169,"fr","eua","amazon prime",2023-07-20,"false"
200654,"Ficção Científica 2077","drama",2007,3,75,"es","coreia do sul","outro",2024-06-26,"true"
200655,"Ação Explosiva","ação",2013,4,174,"fr","coreia do sul","amazon prime",2023-11-20,"true"
200656,"Ficção Científica 2077","ação",2019,5,107,"de","brasil","netflix",2023-06-10,"desconhecido"
200657,"aventura na floresta","terror",2016,5,103,"es","japão","amazon prime",2024-04-22,"true"
200658,"Documentário da Natureza","ação",2016,5,93,"in","coreia do sul","netflix",2023-11-11,"false"
200659,"O Último Voo","ficção científica",2002,5,135,"po","frança","netflix",2023-11-03,"false"
200660,"Drama da Vida Real","drama",2021,4,154,"fr","espanha","netflix",2024-02-04,"true"
200661,"aventura na floresta","ficção científica",2005,4,75,"de","eua","desconhecido",2024-03-08,"true"
200662,"O Último Voo","drama",2017,4,102,"es","brasil","netflix",2024-06-02,"true"
200663,"O Último Voo","terror",2006,2,159,"en","japão","amazon prime",2023-12-23,"sim"
200664,"Aventura na Floresta","ficção científica",1998,3,75,"en","índia","netflix",2024-02-11,"false"
200665,"Mistério da Mansão","ficção científica",1992,5,161,"es","frança","outro",2023-10-02,"true"
200666,"Mistério da Mansão","terror",1990,3,154,"en","índia","amazon prime",2023-07-11,"false"
200667,"Ficção Científica 2077","terror",2011,3,109,"in","japão","hbo max",2023-10-23,"true"
200668,"Aventura na Floresta","ação",1991,5,133,"pt","coreia do sul","netflix",2023-11-19,"false"
200669,"Comédia Romântica","terror",2002,5,121,"pt","índia","desconhecido",2023-11-16,"true"
200670,"Ficção Científica 2077","ação",2015,2,146,"en","japão","hbo max",2024-06-16,"false"
200671,"Ficção Científica 2077","drama",2004,4,167,"es","índia","hbo max",2024-03-24,"false"
200672,"Ação Explosiva","ação",2012,4,75,"es","índia","desconhecido",2024-06-14,"true"
200673,"Terror na Noite","ação",1994,3,148,"es","japão","amazon prime",2024-04-13,"true"
200674,"Ficção Científica 2077","drama",1996,3,162,"fr","brasil","netflix",2023-07-28,"true"
200675,"Documentário da Natureza","ficção científica",2004,3,71,"en","frança","netflix",2023-09-14,"true"
200676,"Ação Explosiva","terror",2013,3,133,"en","japão","hbo max",2023-11-13,"true"
200677,"Comédia Romântica","comédia",1995,4,166,"en","eua","amazon prime",2024-06-22,"true"
200678,"Terror na Noite","comédia",1995,4,70,"es","coreia do sul","desconhecido",2024-05-09,"true"
200679,"Ficção Científica 2077","ação",1998,1,93,"pt","brasil","hbo max",2023-11-20,"false"
200680,"Ação Explosiva","terror",2001,3,139,"en","eua","netflix",2024-03-24,"false"
200681,"Drama da Vida Real","drama",2005,4,155,"fr","coreia do sul","hbo max",2023-10-21,"true"
200682,"Ficção Científica 2077","documentário",2011,5,91,"en","índia","netflix",2024-02-21,"false"
200683,"O Último Voo","documentário",2018,4,125,"pt","brasil","amazon prime",2024-03-03,"false"
200684,"Drama da Vida Real","comédia",1996,4,101,"fr","frança","amazon prime",2024-05-06,"false"
200685,"Documentário da Natureza","terror",2017,4,136,"pt","eua","hbo max",2024-02-01,"false"
200686,"Ficção Científica 2077","terror",2000,4,163,"en","espanha","amazon prime",2024-04-03,"false"
200687,"Mistério da Mansão","ação",2006,2,116,"po","brasil","amazon prime",2023-11-02,"false"
200688,"Drama da Vida Real","terror",1994,4,148,"in","espanha","hbo max",2024-01-07,"true"
200689,"Drama da Vida Real","comédia",2009,5,129,"pt","japão","amazon prime",2023-06-19,"false"
200690,"Documentário da Natureza","terror",1999,5,78,"fr","frança","amazon prime",2023-12-15,"false"
200691,"Documentário da Natureza","terror",2018,3,175,"de","índia","outro",2023-08-06,"false"
200692,"O Último Voo","documentário",2020,4,150,"de","japão","amazon prime",2024-04-18,"false"
200693,"Documentário da Natureza","terror",1993,4,74,"pt","eua","netflix",2023-09-22,"sim"
200694,"O Último Voo","drama",2000,3,131,"es","espanha","amazon prime",2023-06-13,"true"
200695,"O Último Voo","terror",2012,3,103,"de","eua","desconhecido",2023-06-23,"true"
200696,"Comédia Romântica","ação",1999,2,93,"pt","coreia do sul","netflix",2023-12-20,"false"
200697,"Ação Explosiva","ação",2007,3,138,"pt","brasil","hbo max",2023-06-24,"false"
200698,"Ficção Científica 2077","comédia",2023,4,95,"fr","índia","hbo max",2023-06-18,"false"
200699,"Ação Explosiva","ficção científica",1995,5,116,"fr","brasil","netflix",2024-01-26,"false"
200700,"Aventura na Floresta","terror",2018,4,146,"fr","eua","netflix",2024-03-24,"false"
200701,"Documentário da Natureza","drama",2019,5,171,"de","frança","amazon prime",2024-03-15,"true"
200702,"Aventura na Floresta","terror",2023,4,137,"es","frança","desconhecido",2023-06-05,"false"
200703,"Drama da Vida Real","terror",2016,4,109,"en","espanha","desconhecido",2023-06-20,"true"
200704,"Terror na Noite","documentário",1998,4,133,"de","brasil","amazon prime",2023-08-12,"false"
200705,"Mistério da Mansão","drama",2013,4,130,"es","japão","hbo max",2023-07-26,"false"
200706,"O Último Voo","acao",1990,4,119,"de","espanha","amazon prime",2023-12-21,"true"
200707,"Terror na Noite","drama",2007,4,117,"de","japão","outro",2024-04-24,"true"
200708,"Ficção Científica 2077","terror",1993,3,144,"en","japão","amazon prime",2024-01-19,"false"
200709,"Terror na Noite","comédia",1996,3,128,"es","espanha","hbo max",2024-06-05,"true"
200710,"O Último Voo","drama",2006,3,149,"es","eua","amazon prime",2023-09-10,"false"
200711,"O Último Voo","comédia",2003,4,97,"en","eua","netflix",2023-10-09,"desconhecido"
200712,"Terror na Noite","comédia",2018,3,176,"en","índia","hbo max",2023-09-02,"false"
200713,"Ficção Científica 2077","ficção científica",2005,4,139,"es","espanha","netflix",2023-10-11,"true"
200714,"Terror na Noite","drama",2019,5,172,"es","eua","outro",2023-07-18,"true"
200715,"Ação Explosiva","documentário",2011,4,172,"in","eua","netflix",2024-03-02,"false"
200716,"Ficção Científica 2077","ficção científica",1998,1,149,"pt","japão","netflix",2023-10-06,"true"
200717,"O Último Voo","comédia",2013,3,101,"es","eua","hbo max",2023-08-29,"false"
200718,"Documentário da Natureza","drama",1992,4,112,"de","japão","amazon prime",2024-04-21,"true"
200719,"Comédia Romântica","ficção científica",1990,3,137,"de","eua","desconhecido",2023-11-30,"false"
200720,"Ficção Científica 2077","ação",2019,5,98,"pt","japão","netflix",2024-01-18,"false"
200721,"Ficção Científica 2077","documentário",1992,5,77,"de","eua","hbo max",2024-04-18,"false"
200722,"O Último Voo","comédia",2010,5,179,"es","índia","amazon prime",2023-12-07,"desconhecido"
200723,"Documentário da Natureza","terror",2017,3,101,"de","japão","netflix",2023-09-06,"true"
200724,"Drama da Vida Real","ação",2007,5,96,"fr","frança","netflix",2023-10-22,"false"
200725,"O Último Voo","comédia",1997,4,90,"es","espanha","desconhecido",2024-06-05,"false"
200726,"Ação Explosiva","comedia",1994,5,77,"pt","índia","netflix",2024-06-24,"true"
200727,"Terror na Noite","ficção científica",2014,4,101,"de","japão","netflix",2023-10-20,"true"
200728,"Terror na Noite","terror",2010,4,87,"de","índia","hbo max",2023-09-19,"false"
200729,"Terror na Noite","ação",2006,5,164,"en","frança","desconhecido",2023-08-03,"desconhecido"
200730,"Mistério da Mansão","terror",2013,1,140,"en","japão","amazon prime",2023-12-06,"true"
200731,"O Último Voo","drama",2003,5,72,"de","brasil","hbo max",2024-03-03,"false"
200732,"Ficção Científica 2077","ação",2020,3,173,"pt","espanha","hbo max",2023-11-10,"desconhecido"
200733,"Ação Explosiva","comédia",1991,2,100,"pt","espanha","netflix",2024-04-09,"false"
200734,"Ação Explosiva","drama",2020,5,112,"de","índia","netflix",2023-10-21,"true"
200735,"Comédia Romântica","terror",2005,4,108,"en","frança","amazon prime",2023-09-30,"false"
200736,"aventura na floresta","comédia",2013,4,121,"es","japão","amazon prime",2024-02-28,"false"
200737,"Mistério da Mansão","comédia",2005,4,165,"fr","frança","desconhecido",2023-12-05,"false"
200738,"Aventura na Floresta","ação",1995,3,113,"fr","frança","netflix",2024-05-09,"false"
200739,"Comédia Romântica","comedia",1995,5,160,"de","eua","netflix",2023-07-05,"true"
200740,"Comédia Romântica","drama",2016,3,148,"pt","frança","desconhecido",2023-08-25,"false"
200741,"Ação Explosiva","terror",1994,5,87,"pt","frança","netflix",2023-07-26,"true"
200742,"Drama da Vida Real","documentário",2017,4,131,"fr","eua","netflix",2023-09-26,"true"
200743,"Documentário da Natureza","comédia",1993,5,168,"fr","brasil","netflix",2023-07-10,"false"
200744,"Comédia Romântica","ação",2012,3,177,"es","eua","hbo max",2023-08-06,"false"
200745,"Comédia Romântica","ficção científica",2013,4,170,"de","índia","desconhecido",2024-01-12,"false"
200746,"Ficção Científica 2077","documentário",2017,4,129,"fr","coreia do sul","netflix",2024-04-20,"true"
200747,"O Último Voo","drama",2011,4,135,"fr","eua","outro",2023-07-01,"true"
200748,"O Último Voo","documentário",2009,5,108,"fr","espanha","hbo max",2024-05-02,"true"
200749,"Ficção Científica 2077","terror",1991,2,153,"es","frança","netflix",2023-08-04,"true"
200750,"Drama da Vida Real","comédia",2020,4,132,"fr","índia","netflix",2023-08-30,"false"
200751,"O Último Voo","drama",2003,4,142,"de","índia","desconhecido",2023-11-20,"true"
200752,"Drama da Vida Real","acao",1996,2,169,"de","coreia do sul","outro",2024-03-17,"false"
200753,"Ação Explosiva","terror",2007,4,73,"en","coreia do sul","netflix",2023-11-16,"false"
200754,"Documentário da Natureza","comédia",2022,3,178,"es","espanha","outro",2024-04-15,"false"
200755,"Aventura na Floresta","ficção científica",2014,1,106,"es","brasil","hbo max",2024-01-21,"true"
200756,"Drama da Vida Real","comedia",1994,3,98,"fr","espanha","hbo max",2024-03-12,"sim"
200757,"Terror na Noite","drama",1996,3,78,"en","coreia do sul","amazon prime",2024-01-29,"desconhecido"
200758,"Comédia Romântica","documentário",1996,4,71,"de","brasil","hbo max",2024-06-29,"true"
200759,"Comédia Romântica","terror",2008,1,159,"pt","índia","netflix",2023-11-07,"false"
200760,"Mistério da Mansão","ação",2014,1,156,"en","índia","outro",2023-07-02,"true"
200761,"Terror na Noite","documentário",2002,4,71,"es","eua","outro",2023-12-15,"true"
200762,"Comédia Romântica","ficção científica",2017,5,131,"es","índia","netflix",2023-11-03,"true"
200763,"Ação Explosiva","ficção científica",2001,5,94,"pt","frança","outro",2023-12-14,"false"
200764,"Ação Explosiva","terror",1994,3,127,"es","coreia do sul","desconhecido",2024-02-26,"false"
200765,"O Último Voo","documentário",1997,2,159,"de","índia","hbo max",2024-05-20,"true"
200766,"Documentário da Natureza","documentário",1990,5,157,"en","espanha","amazon prime",2024-05-14,"false"
200767,"O Último Voo","documentário",1991,4,154,"de","índia","amazon prime",2023-10-04,"false"
200768,"Documentário da Natureza","documentário",1993,5,125,"de","eua","netflix",2024-01-17,"true"
200769,"Comédia Romântica","comédia",2012,4,155,"en","coreia do sul","desconhecido",2024-04-18,"true"
200770,"Documentário da Natureza","comédia",2006,1,121,"fr","frança","amazon prime",2023-12-07,"sim"
200771,"Mistério da Mansão","ação",2017,2,159,"de","espanha","hbo max",2024-01-01,"true"
200772,"Terror na Noite","terror",1994,1,97,"fr","espanha","netflix",2024-01-05,"false"
200773,"Terror na Noite","drama",2009,4,169,"de","japão","amazon prime",2024-06-28,"false"
200774,"Terror na Noite","ficção científica",2016,3,106,"en","brasil","hbo max",2023-06-03,"false"
200775,"Ficção Científica 2077","ação",2016,3,178,"en","coreia do sul","amazon prime",2024-04-19,"true"
200776,"Drama da Vida Real","documentário",1996,3,75,"es","coreia do sul","desconhecido",2023-07-22,"true"
200777,"O Último Voo","acao",2020,4,174,"en","frança","outro",2024-06-08,"false"
200778,"Terror na Noite","ação",1999,4,111,"fr","eua","outro",2024-03-01,"true"
200779,"Documentário da Natureza","terror",2011,3,169,"es","espanha","amazon prime",2024-06-22,"false"
200780,"Aventura na Floresta","comédia",2012,5,152,"pt","brasil","netflix",2024-04-07,"false"
200781,"Mistério da Mansão","comédia",1990,3,142,"en","japão","netflix",2024-03-20,"sim"
200782,"Documentário da Natureza","documentário",2001,5,142,"es","japão","hbo max",2023-06-29,"false"
200783,"Drama da Vida Real","comédia",1996,3,83,"es","espanha","netflix",2024-01-18,"false"
200784,"O Último Voo","ação",2004,4,147,"es","brasil","outro",2023-07-10,"false"
200785,"Ficção Científica 2077","ficção científica",2017,1,143,"de","eua","amazon prime",2023-11-29,"true"
200786,"Comédia Romântica","comédia",1993,2,94,"fr","coreia do sul","netflix",2023-08-27,"true"
200787,"O Último Voo","ficção científica",2011,4,150,"de","coreia do sul","outro",2023-07-06,"true"
200788,"Mistério da Mansão","terror",2022,3,147,"en","japão","outro",2024-06-03,"false"
200789,"Drama da Vida Real","ficção científica",2010,2,159,"pt","japão","amazon prime",2023-06-01,"false"
200790,"O Último Voo","drama",2012,4,113,"pt","eua","hbo max",2023-07-10,"false"
200791,"Ação Explosiva","comédia",1992,4,143,"de","eua","netflix",2023-10-10,"true"
200792,"Ficção Científica 2077","ficção científica",1990,3,89,"es","eua","desconhecido",2024-01-23,"false"
200793,"Terror na Noite","ação",2004,3,84,"en","eua","amazon prime",2024-01-14,"false"
200794,"Comédia Romântica","drama",2001,2,110,"fr","espanha","netflix",2023-07-20,"true"
200795,"Drama da Vida Real","ficção científica",2014,3,138,"pt","frança","amazon prime",2023-09-18,"desconhecido"
200796,"Mistério da Mansão","comédia",2019,4,81,"fr","espanha","hbo max",2023-12-31,"true"
200797,"Documentário da Natureza","ação",2016,4,155,"de","brasil","hbo max",2023-08-05,"true"
200798,"Drama da Vida Real","drama",1990,3,73,"de","eua","outro",2023-07-19,"false"
200799,"Mistério da Mansão","ficção científica",2009,4,139,"in","coreia do sul","amazon prime",2024-01-27,"false"
200800,"Terror na Noite","terror",2001,5,97,"de","eua","netflix",2024-04-05,"true"
200801,"Aventura na Floresta","comédia",2019,4,155,"de","espanha","netflix",2024-06-18,"false"
200802,"Comédia Romântica","comédia",2003,2,162,"pt","frança","netflix",2023-06-19,"true"
200803,"Documentário da Natureza","terror",2003,5,109,"fr","brasil","netflix",2023-11-28,"true"
200804,"Terror na Noite","drama",2019,5,157,"de","índia","amazon prime",2023-07-12,"false"
200805,"Drama da Vida Real","ficção científica",2014,5,73,"fr","índia","hbo max",2023-07-04,"false"
200806,"Mistério da Mansão","terror",2016,3,133,"es","coreia do sul","amazon prime",2024-04-19,"false"
200807,"Ação Explosiva","ação",2020,5,111,"de","espanha","amazon prime",2024-05-20,"true"
200808,"Mistério da Mansão","ação",2019,4,174,"en","japão","outro",2023-08-12,"true"
200809,"Aventura na Floresta","documentário",1990,2,128,"de","eua","amazon prime",2024-02-13,"desconhecido"
200810,"Documentário da Natureza","comédia",2010,3,73,"es","eua","desconhecido",2023-10-29,"false"
200811,"Ação Explosiva","documentário",2003,5,89,"pt","coreia do sul","desconhecido",2024-01-03,"true"
200812,"Drama da Vida Real","ficção científica",1995,5,127,"de","índia","netflix",2023-09-17,"false"
200813,"Ficção Científica 2077","terror",2001,2,92,"in","brasil","amazon prime",2024-04-04,"false"
200814,"O Último Voo","documentário",2008,5,107,"es","espanha","outro",2023-07-15,"false"
200815,"Documentário da Natureza","terror",2015,4,73,"po","eua","amazon prime",2024-02-20,"false"
200816,"Documentário da Natureza","ação",2003,3,157,"pt","índia","hbo max",2023-06-09,"false"
200817,"O Último Voo","terror",2007,4,127,"de","japão","hbo max",2024-06-13,"true"
200818,"Mistério da Mansão","ação",2003,2,108,"en","índia","netflix",2023-12-28,"true"
200819,"Ação Explosiva","terror",2017,1,161,"de","eua","hbo max",2023-08-12,"true"
200820,"Terror na Noite","acao",1996,1,107,"es","frança","desconhecido",2024-02-05,"false"
200821,"Documentário da Natureza","ficção científica",1999,3,82,"pt","índia","netflix",2023-06-28,"true"
200822,"Mistério da Mansão","comédia",1990,1,156,"pt","índia","amazon prime",2023-12-12,"false"
200823,"Ficção Científica 2077","drama",2005,4,144,"fr","japão","amazon prime",2023-07-24,"false"
200824,"aventura na floresta","documentário",2003,5,111,"en","coreia do sul","desconhecido",2023-07-22,"true"
200825,"Drama da Vida Real","ficção científica",1998,5,133,"de","espanha","amazon prime",2023-07-19,"false"
200826,"Documentário da Natureza","ficção científica",2017,4,125,"fr","eua","desconhecido",2024-06-08,"sim"
200827,"Terror na Noite","acao",2023,4,127,"pt","coreia do sul","amazon prime",2024-03-10,"sim"
200828,"Drama da Vida Real","comédia",2008,2,97,"de","frança","netflix",2023-09-07,"false"
200829,"Aventura na Floresta","documentário",2014,3,108,"fr","eua","netflix",2023-06-23,"sim"
200830,"Terror na Noite","documentário",1994,5,129,"es","brasil","netflix",2024-01-17,"false"
200831,"Comédia Romântica","terror",1992,3,130,"de","frança","outro",2023-09-30,"true"
200832,"Terror na Noite","documentário",2023,4,136,"pt","coreia do sul","outro",2023-10-05,"false"
200833,"Ficção Científica 2077","acao",1990,5,83,"pt","frança","amazon prime",2024-02-14,"true"
200834,"Drama da Vida Real","ficção científica",2009,1,111,"es","eua","netflix",2023-06-27,"true"
200835,"Mistério da Mansão","ação",2023,4,151,"fr","japão","hbo max",2023-11-27,"false"
200836,"O Último Voo","documentário",2022,5,71,"es","espanha","netflix",2023-10-10,"desconhecido"
200837,"Ação Explosiva","comédia",2004,4,89,"es","brasil","netflix",2024-06-06,"true"
200838,"Comédia Romântica","comédia",2005,4,93,"en","índia","hbo max",2024-02-17,"false"
200839,"Aventura na Floresta","documentário",1991,4,85,"pt","espanha","netflix",2023-10-03,"false"
200840,"Terror na Noite","documentário",2016,3,85,"de","eua","outro",2024-02-26,"true"
200841,"Mistério da Mansão","ficção científica",2010,5,157,"pt","eua","hbo max",2024-02-27,"false"
200842,"Terror na Noite","terror",1992,4,94,"fr","brasil","hbo max",2024-02-17,"false"
200843,"Documentário da Natureza","ficção científica",2019,5,111,"de","espanha","amazon prime",2024-05-15,"false"
200844,"O Último Voo","comédia",2005,3,112,"es","índia","netflix",2024-01-21,"false"
200845,"O Último Voo","terror",2009,5,133,"fr","brasil","amazon prime",2024-03-08,"true"
200846,"Mistério da Mansão","documentário",2014,5,91,"es","frança","outro",2024-01-07,"false"
200847,"Documentário da Natureza","ficção científica",2014,4,125,"pt","espanha","hbo max",2023-06-23,"false"
200848,"Comédia Romântica","ficção científica",1993,4,104,"es","brasil","amazon prime",2023-11-07,"false"
200849,"Documentário da Natureza","drama",2001,4,84,"fr","brasil","hbo max",2024-04-14,"true"
200850,"Comédia Romântica","terror",2002,3,86,"de","espanha","netflix",2023-07-07,"true"
200851,"Aventura na Floresta","ficção científica",2003,5,168,"fr","coreia do sul","amazon prime",2023-11-02,"sim"
200852,"Ação Explosiva","documentário",2008,5,120,"es","frança","amazon prime",2023-10-09,"false"
200853,"Ação Explosiva","ação",1996,3,179,"en","espanha","outro",2023-12-12,"true"
200854,"Terror na Noite","ação",1993,2,141,"pt","índia","netflix",2023-11-08,"true"
200855,"Ação Explosiva","ação",2020,5,161,"es","brasil","netflix",2024-03-10,"true"
200856,"Drama da Vida Real","drama",1991,4,136,"pt","coreia do sul","outro",2024-05-23,"true"
200857,"Terror na Noite","ação",2009,5,100,"de","espanha","netflix",2024-02-16,"desconhecido"
200858,"Ação Explosiva","documentário",2004,2,174,"pt","japão","netflix",2024-06-12,"false"
200859,"Drama da Vida Real","ação",2000,4,159,"de","espanha","hbo max",2023-09-07,"false"
200860,"Terror na Noite","ação",1990,4,91,"de","japão","amazon prime",2023-12-19,"desconhecido"
200861,"Documentário da Natureza","ação",1996,4,96,"en","espanha","hbo max",2024-06-03,"false"
200862,"Comédia Romântica","ficção científica",2004,4,145,"de","brasil","netflix",2024-05-05,"desconhecido"
200863,"Terror na Noite","documentário",2011,5,177,"pt","brasil","netflix",2024-02-06,"false"
200864,"Aventura na Floresta","comédia",2001,5,119,"fr","brasil","netflix",2024-02-02,"true"
200865,"Mistério da Mansão","drama",2008,4,97,"de","coreia do sul","netflix",2023-09-09,"false"
200866,"Ação Explosiva","drama",2005,3,115,"es","frança","netflix",2024-04-09,"false"
200867,"Documentário da Natureza","comédia",2016,4,104,"es","espanha","hbo max",2024-05-21,"desconhecido"
200868,"Mistério da Mansão","terror",2004,5,100,"es","japão","desconhecido",2024-03-05,"true"
200869,"O Último Voo","ação",2004,5,175,"en","espanha","netflix",2024-06-01,"false"
200870,"Comédia Romântica","drama",2002,4,171,"pt","eua","outro",2023-10-23,"false"
200871,"Terror na Noite","drama",2003,4,118,"en","frança","amazon prime",2023-10-19,"false"
200872,"Aventura na Floresta","ação",1993,5,175,"es","coreia do sul","amazon prime",2023-12-27,"true"
200873,"Mistério da Mansão","terror",2012,3,102,"pt","frança","amazon prime",2024-06-12,"false"
200874,"Aventura na Floresta","documentário",1990,3,176,"fr","brasil","amazon prime",2023-10-11,"sim"
200875,"Documentário da Natureza","ficção científica",2011,4,160,"de","frança","amazon prime",2023-06-27,"false"
200876,"Ação Explosiva","documentário",2021,3,124,"fr","eua","hbo max",2024-03-08,"true"
200877,"Documentário da Natureza","comédia",2023,4,94,"es","japão","netflix",2024-03-17,"false"
200878,"Comédia Romântica","comédia",2015,4,158,"de","coreia do sul","amazon prime",2024-05-09,"false"
200879,"O Último Voo","drama",2009,4,123,"pt","frança","outro",2024-04-06,"false"
200880,"aventura na floresta","terror",2015,2,104,"fr","coreia do sul","netflix",2023-12-25,"true"
200881,"Ficção Científica 2077","acao",2002,2,102,"de","brasil","netflix",2024-03-18,"false"
200882,"O Último Voo","ação",2000,4,175,"en","índia","netflix",2024-06-17,"false"
200883,"Drama da Vida Real","documentário",2015,3,94,"en","espanha","netflix",2024-06-26,"true"
200884,"Terror na Noite","acao",2013,3,102,"de","índia","amazon prime",2023-09-22,"true"
200885,"Ação Explosiva","drama",1997,5,106,"pt","eua","outro",2023-08-23,"desconhecido"
200886,"Documentário da Natureza","ação",1993,2,131,"fr","japão","hbo max",2023-12-21,"false"
200887,"Aventura na Floresta","ficção científica",1994,4,96,"es","brasil","amazon prime",2023-11-02,"desconhecido"
200888,"Comédia Romântica","comédia",1990,3,154,"de","espanha","hbo max",2023-11-10,"false"
200889,"O Último Voo","ficção científica",1992,4,124,"de","índia","hbo max",2024-06-05,"true"
200890,"Mistério da Mansão","drama",1997,5,83,"pt","espanha","hbo max",2023-12-19,"true"
200891,"Documentário da Natureza","ação",2016,4,137,"en","índia","netflix",2023-11-14,"true"
200892,"Ação Explosiva","drama",1995,4,110,"es","coreia do sul","amazon prime",2023-06-22,"false"
200893,"Ficção Científica 2077","documentário",1997,3,131,"pt","espanha","outro",2023-06-07,"false"
200894,"Drama da Vida Real","drama",1992,4,159,"en","eua","amazon prime",2023-07-01,"false"
200895,"Mistério da Mansão","drama",1990,1,171,"es","eua","netflix",2023-06-06,"false"
200896,"Drama da Vida Real","drama",2006,5,87,"es","índia","outro",2024-02-17,"false"
200897,"Documentário da Natureza","terror",2021,3,122,"en","coreia do sul","hbo max",2024-05-06,"true"
200898,"Mistério da Mansão","comédia",1991,4,96,"en","japão","netflix",2024-01-06,"true"
200899,"Aventura na Floresta","comedia",2000,2,87,"de","brasil","hbo max",2023-11-22,"desconhecido"
200900,"Aventura na Floresta","ação",2003,4,118,"de","frança","amazon prime",2024-02-01,"true"
200901,"O Último Voo","comédia",2014,5,118,"pt","espanha","amazon prime",2023-08-23,"false"
200902,"Aventura na Floresta","ação",2008,3,121,"fr","índia","netflix",2023-10-08,"false"
200903,"Mistério da Mansão","drama",2006,4,122,"es","índia","netflix",2024-04-05,"true"
200904,"Aventura na Floresta","comedia",1996,3,110,"pt","espanha","amazon prime",2024-02-13,"false"
200905,"Comédia Romântica","documentário",2004,4,121,"pt","eua","outro",2023-06-18,"false"
200906,"O Último Voo","acao",2018,5,113,"fr","espanha","netflix",2023-07-28,"false"
200907,"Documentário da Natureza","documentário",2015,4,130,"en","japão","outro",2023-09-08,"sim"
200908,"Ficção Científica 2077","documentário",2013,4,169,"de","índia","amazon prime",2023-09-12,"false"
200909,"Ação Explosiva","drama",2015,5,168,"en","coreia do sul","desconhecido",2024-04-13,"desconhecido"
200910,"Aventura na Floresta","documentário",2000,2,117,"pt","coreia do sul","outro",2023-10-12,"false"
200911,"Terror na Noite","drama",2008,4,77,"es","eua","hbo max",2023-12-31,"true"
200912,"Ação Explosiva","comédia",2003,5,147,"es","espanha","netflix",2024-01-16,"false"
200913,"Terror na Noite","comédia",2010,5,104,"fr","espanha","hbo max",2023-09-16,"true"
200914,"Ficção Científica 2077","drama",2006,5,151,"de","coreia do sul","amazon prime",2023-12-26,"false"
200915,"Aventura na Floresta","comédia",2003,5,136,"en","eua","outro",2024-06-03,"true"
200916,"Ação Explosiva","ficção científica",2022,3,120,"pt","coreia do sul","outro",2024-04-29,"false"
200917,"O Último Voo","ficção científica",2017,5,105,"fr","frança","outro",2024-06-15,"false"
200918,"Comédia Romântica","comédia",2002,4,169,"fr","brasil","desconhecido",2024-02-15,"desconhecido"
200919,"Ficção Científica 2077","documentário",2007,3,115,"en","brasil","outro",2023-10-06,"false"
200920,"Terror na Noite","terror",2008,4,172,"de","brasil","netflix",2024-06-07,"false"
200921,"Terror na Noite","documentário",2014,4,161,"en","eua","amazon prime",2023-11-17,"true"
200922,"Mistério da Mansão","comédia",2008,4,146,"es","japão","hbo max",2024-04-25,"true"
200923,"O Último Voo","ação",2004,5,119,"pt","índia","netflix",2023-10-30,"sim"
200924,"Comédia Romântica","drama",2002,5,150,"es","brasil","netflix",2024-04-13,"true"
200925,"Aventura na Floresta","ficção científica",2015,4,114,"es","índia","netflix",2024-06-09,"desconhecido"
200926,"Aventura na Floresta","comédia",2022,3,135,"pt","coreia do sul","hbo max",2024-06-12,"true"
200927,"Drama da Vida Real","acao",2010,4,84,"en","espanha","desconhecido",2023-09-09,"false"
200928,"Terror na Noite","drama",2007,5,127,"es","índia","desconhecido",2023-10-02,"false"
200929,"Drama da Vida Real","ação",2014,4,161,"de","frança","hbo max",2023-11-20,"sim"
200930,"Ficção Científica 2077","ficção científica",1999,4,165,"de","brasil","hbo max",2023-08-07,"false"
200931,"O Último Voo","ficção científica",2006,3,138,"en","japão","outro",2024-04-27,"true"
200932,"O Último Voo","ação",2010,5,114,"en","espanha","hbo max",2024-05-23,"desconhecido"
200933,"Ação Explosiva","terror",1995,4,78,"po","brasil","hbo max",2024-04-09,"true"
200934,"Ficção Científica 2077","ação",2011,2,141,"es","espanha","amazon prime",2024-01-25,"true"
200935,"Ficção Científica 2077","documentário",1993,5,91,"fr","espanha","hbo max",2024-03-02,"true"
200936,"Ficção Científica 2077","ação",1996,2,96,"pt","coreia do sul","desconhecido",2023-10-27,"true"
200937,"Ficção Científica 2077","acao",2012,1,78,"de","japão","netflix",2024-04-25,"true"
200938,"Comédia Romântica","ação",1992,3,97,"de","brasil","outro",2024-01-10,"sim"
200939,"Terror na Noite","drama",2008,3,139,"es","índia","hbo max",2024-06-04,"false"
200940,"Documentário da Natureza","ficção científica",1993,2,127,"pt","frança","amazon prime",2024-05-13,"true"
200941,"Ficção Científica 2077","terror",2002,4,98,"de","índia","netflix",2024-01-03,"true"
200942,"Comédia Romântica","drama",2000,4,160,"pt","brasil","hbo max",2023-07-20,"false"
200943,"Drama da Vida Real","ação",1997,3,83,"es","espanha","netflix",2024-01-01,"sim"
200944,"Mistério da Mansão","ação",2013,5,118,"en","brasil","netflix",2023-08-15,"true"
200945,"Terror na Noite","ação",1990,4,121,"fr","espanha","desconhecido",2023-10-19,"false"
200946,"O Último Voo","documentário",2021,4,169,"en","coreia do sul","amazon prime",2023-12-07,"false"
200947,"aventura na floresta","terror",2006,4,172,"pt","eua","outro",2024-05-08,"true"
200948,"Documentário da Natureza","comédia",2018,3,94,"en","frança","outro",2023-06-19,"false"
200949,"Drama da Vida Real","drama",2012,3,128,"fr","índia","desconhecido",2024-02-22,"false"
200950,"Documentário da Natureza","documentário",1996,5,79,"de","espanha","outro",2024-06-26,"true"
200951,"Drama da Vida Real","terror",1990,4,107,"fr","brasil","netflix",2023-06-08,"false"
200952,"Aventura na Floresta","documentário",2005,5,176,"pt","japão","amazon prime",2023-08-03,"true"
200953,"Ficção Científica 2077","comédia",1992,4,173,"de","eua","outro",2024-04-27,"false"
200954,"Ação Explosiva","comédia",1993,4,100,"fr","japão","netflix",2024-03-01,"false"
200955,"Drama da Vida Real","drama",2011,5,138,"es","espanha","netflix",2023-07-31,"true"
200956,"Drama da Vida Real","documentário",2013,5,93,"pt","índia","hbo max",2023-11-14,"false"
200957,"Mistério da Mansão","ficção científica",2008,4,172,"de","coreia do sul","netflix",2024-03-31,"false"
200958,"Documentário da Natureza","drama",1999,3,77,"pt","brasil","netflix",2023-12-27,"false"
200959,"Documentário da Natureza","terror",1995,3,93,"po","japão","netflix",2023-08-20,"false"
200960,"Ficção Científica 2077","terror",2018,5,138,"pt","brasil","amazon prime",2023-10-04,"false"
200961,"Documentário da Natureza","terror",2016,2,239,"de","brasil","desconhecido",2024-03-06,"false"
200962,"O Último Voo","documentário",2008,5,111,"en","eua","outro",2023-12-25,"false"
200963,"Terror na Noite","ação",2020,3,74,"fr","brasil","netflix",2023-08-06,"sim"
200964,"Mistério da Mansão","documentário",1997,4,161,"pt","japão","netflix",2024-04-01,"false"
200965,"Ação Explosiva","acao",1999,3,106,"es","espanha","amazon prime",2023-10-14,"false"
200966,"Mistério da Mansão","documentário",2000,4,119,"es","japão","amazon prime",2024-04-15,"false"
200967,"Comédia Romântica","ficção científica",1994,4,149,"fr","espanha","netflix",2023-09-30,"false"
200968,"Aventura na Floresta","ação",2001,3,164,"es","coreia do sul","outro",2023-11-25,"true"
200969,"Comédia Romântica","documentário",1999,5,125,"fr","coreia do sul","amazon prime",2023-06-05,"false"
200970,"Aventura na Floresta","ação",2022,5,146,"de","japão","hbo max",2023-10-04,"true"
200971,"Terror na Noite","drama",2013,4,169,"de","japão","amazon prime",2023-09-04,"false"
200972,"Ficção Científica 2077","ficção científica",2013,1,173,"de","coreia do sul","netflix",2023-08-21,"true"
200973,"Terror na Noite","ficção científica",2000,5,135,"pt","brasil","outro",2023-08-27,"false"
200974,"O Último Voo","terror",2006,5,86,"fr","japão","desconhecido",2023-11-11,"false"
200975,"Ficção Científica 2077","documentário",1994,5,126,"pt","eua","netflix",2024-02-13,"true"
200976,"Mistério da Mansão","drama",2018,4,139,"fr","espanha","amazon prime",2024-04-23,"false"
200977,"Ficção Científica 2077","terror",2015,4,109,"de","espanha","outro",2023-08-30,"true"
200978,"Ficção Científica 2077","drama",1999,4,158,"en","coreia do sul","netflix",2024-02-29,"true"
200979,"Comédia Romântica","ação",1990,4,145,"de","eua","hbo max",2023-08-09,"true"
200980,"Documentário da Natureza","terror",2023,4,177,"en","brasil","amazon prime",2024-03-17,"false"
200981,"Aventura na Floresta","ação",2020,5,137,"es","brasil","amazon prime",2023-11-20,"true"
200982,"Ação Explosiva","drama",2015,4,122,"pt","eua","netflix",2023-06-25,"true"
200983,"Drama da Vida Real","comédia",1991,5,165,"fr","coreia do sul","netflix",2024-06-02,"false"
200984,"Terror na Noite","terror",1991,5,163,"pt","índia","desconhecido",2024-01-05,"false"
200985,"Mistério da Mansão","terror",2016,4,169,"po","brasil","desconhecido",2023-08-21,"false"
200986,"Comédia Romântica","ação",2020,5,155,"es","índia","netflix",2023-09-09,"true"
200987,"Comédia Romântica","drama",2002,3,175,"de","frança","hbo max",2023-07-31,"false"
200988,"Ação Explosiva","comédia",2012,4,113,"en","eua","netflix",2023-09-19,"true"
200989,"Drama da Vida Real","ficção científica",2015,2,75,"en","coreia do sul","outro",2024-04-11,"true"
200990,"Aventura na Floresta","comédia",1991,4,100,"en","japão","netflix",2024-02-14,"false"
200991,"O Último Voo","documentário",1992,3,112,"es","japão","outro",2024-04-25,"true"
200992,"O Último Voo","ação",2018,4,160,"es","espanha","amazon prime",2023-11-06,"false"
200993,"Drama da Vida Real","documentário",2013,5,133,"fr","frança","netflix",2023-10-03,"desconhecido"
200994,"Terror na Noite","acao",2006,4,80,"es","eua","hbo max",2023-07-06,"true"
200995,"O Último Voo","terror",2001,5,89,"de","coreia do sul","desconhecido",2024-04-08,"true"
200996,"Drama da Vida Real","drama",2006,4,161,"pt","eua","outro",2023-07-03,"sim"
200997,"O Último Voo","comédia",2001,5,80,"de","japão","amazon prime",2023-08-03,"true"
200998,"Mistério da Mansão","comédia",2010,4,140,"pt","espanha","amazon prime",2024-04-22,"false"
200999,"Terror na Noite","comédia",2009,2,142,"pt","eua","amazon prime",2023-11-21,"false"
201000,"Ação Explosiva","ficção científica",2016,5,136,"es","brasil","netflix",2023-08-31,"false"
